set_id,set_url,timestamp,file,hits
24fsn51k,https://www.1001tracklists.com/tracklist/24fsn51k/marshmello-tokyo-garden-theater-japan-2023-12-07.html,2026-01-31T01:44:36+00:00,24fsn51k_20260131T014436Z.html,captcha
21kn2vd9,https://www.1001tracklists.com/tracklist/21kn2vd9/swedish-house-mafia-secret-party-stockholm-sweden-2022-06-18.html,2026-01-31T01:44:25+00:00,21kn2vd9_20260131T014425Z.html,captcha
rg5yft,https://www.1001tracklists.com/tracklist/rg5yft/avicii-funx-dance-summer-sessions-2011-08-13.html,2026-01-31T01:44:14+00:00,rg5yft_20260131T014414Z.html,captcha
29665gmk,https://www.1001tracklists.com/tracklist/29665gmk/sonny-fodera-bbc-radio-1-in-ibiza-528-ibiza-radio-1-main-stage-2025-08-01.html,2026-01-31T01:44:05+00:00,29665gmk_20260131T014405Z.html,captcha
zwq4r21,https://www.1001tracklists.com/tracklist/zwq4r21/eli-brown-radio-record-stream-3.0-2020-06-06.html,2026-01-31T01:43:54+00:00,zwq4r21_20260131T014354Z.html,captcha
9l0zz81,https://www.1001tracklists.com/tracklist/9l0zz81/axwell-piramides-de-cholula-puebla-mexico-2012-09-26.html,2026-01-31T01:43:43+00:00,9l0zz81_20260131T014343Z.html,captcha
1nfjt40t,https://www.1001tracklists.com/tracklist/1nfjt40t/vintage-culture-musical-freedom-radio-february-2021-02-06.html,2026-01-31T01:43:33+00:00,1nfjt40t_20260131T014333Z.html,captcha
2svgdc8t,https://www.1001tracklists.com/tracklist/2svgdc8t/afrojack-45-east-portland-united-states-2022-11-03.html,2026-01-31T01:43:23+00:00,2svgdc8t_20260131T014323Z.html,captcha
gbx42b1,https://www.1001tracklists.com/tracklist/gbx42b1/sarah-story-odd-mob-radio-1s-future-dance-2022-08-26.html,2026-01-31T01:43:12+00:00,gbx42b1_20260131T014312Z.html,captcha
h8q3jtt,https://www.1001tracklists.com/tracklist/h8q3jtt/wax-motif-house-of-wax-radio-061-2022-08-20.html,2026-01-31T01:43:03+00:00,h8q3jtt_20260131T014303Z.html,captcha
1kk2pcr1,https://www.1001tracklists.com/tracklist/1kk2pcr1/ghastly-1900-le-theatre-hanoi-vietnam-2018-10-28.html,2026-01-31T01:42:53+00:00,1kk2pcr1_20260131T014253Z.html,captcha
12xzckr9,https://www.1001tracklists.com/tracklist/12xzckr9/its-murph-the-other-stage-bonnaroo-music-festival-united-states-2024-06-13.html,2026-01-31T01:42:42+00:00,12xzckr9_20260131T014242Z.html,captcha
1zkscrwt,https://www.1001tracklists.com/tracklist/1zkscrwt/alan-walker-love-stage-beats-for-love-czech-republic-2018-07-07.html,2026-01-31T01:42:31+00:00,1zkscrwt_20260131T014231Z.html,captcha
24h80z49,https://www.1001tracklists.com/tracklist/24h80z49/alan-walker-weekend-festival-finland-2019-07-02.html,2026-01-31T01:42:20+00:00,24h80z49_20260131T014220Z.html,captcha
22k4sg69,https://www.1001tracklists.com/tracklist/22k4sg69/steve-angello-size-xx-20th-anniversary-evenew-arena-sweden-2023-05-26.html,2026-01-31T01:42:09+00:00,22k4sg69_20260131T014209Z.html,captcha
1zub21jt,https://www.1001tracklists.com/tracklist/1zub21jt/valentino-khan-high-power-radio-260-2024-09-04.html,2026-01-31T01:41:59+00:00,1zub21jt_20260131T014159Z.html,captcha
1zt16wfk,https://www.1001tracklists.com/tracklist/1zt16wfk/galantis-gmo-sonic-japan-2024-01-27.html,2026-01-31T01:41:49+00:00,1zt16wfk_20260131T014149Z.html,captcha
1pks167t,https://www.1001tracklists.com/tracklist/1pks167t/noizu-brooklyn-rooftop-united-states-2024-04-29.html,2026-01-31T01:41:40+00:00,1pks167t_20260131T014140Z.html,captcha
2cz1mxxk,https://www.1001tracklists.com/tracklist/2cz1mxxk/matroda-san-pacho-elrow-factory-town-miami-music-week-united-states-2025-03-30.html,2026-01-31T01:41:28+00:00,2cz1mxxk_20260131T014128Z.html,captcha
1gznrd79,https://www.1001tracklists.com/tracklist/1gznrd79/moguai-oliver-heldens-lovra-1live-dj-session-2023-08-05.html,2026-01-31T01:41:18+00:00,1gznrd79_20260131T014118Z.html,captcha
g2gr0v9,https://www.1001tracklists.com/tracklist/g2gr0v9/debris-retrovision-destruction-radio-019-2016-08-19.html,2026-01-31T01:41:07+00:00,g2gr0v9_20260131T014107Z.html,captcha
bjt3lq9,https://www.1001tracklists.com/tracklist/bjt3lq9/eli-brown-kiss-fm-kiss-fest-2021-04-04.html,2026-01-31T01:40:57+00:00,bjt3lq9_20260131T014057Z.html,captcha
gf2srq9,https://www.1001tracklists.com/tracklist/gf2srq9/mau-p-xxx-radio-057-2023-11-10.html,2026-01-31T01:40:46+00:00,gf2srq9_20260131T014046Z.html,captcha
2m1ws9dk,https://www.1001tracklists.com/tracklist/2m1ws9dk/kshmr-amsterdam-music-festival-johan-cruijff-arena-amsterdam-dance-event-netherlands-2018-10-20.html,2026-01-31T01:40:36+00:00,2m1ws9dk_20260131T014036Z.html,captcha
3ypuxt9,https://www.1001tracklists.com/tracklist/3ypuxt9/stafford-brothers-d.o.d-something-big-066-2014-05-12.html,2026-01-31T01:40:26+00:00,3ypuxt9_20260131T014026Z.html,captcha
1kutgrpk,https://www.1001tracklists.com/tracklist/1kutgrpk/sam-feldt-heartfeldt-radio-441-2024-06-14.html,2026-01-31T01:40:17+00:00,1kutgrpk_20260131T014017Z.html,captcha
lzc6hgt,https://www.1001tracklists.com/tracklist/lzc6hgt/fisher-kineticfield-edc-las-vegas-united-states-2022-05-20.html,2026-01-31T01:40:07+00:00,lzc6hgt_20260131T014007Z.html,captcha
292j4n6t,https://www.1001tracklists.com/tracklist/292j4n6t/shiba-san-kosmonaut-berlin-germany-2015-03-19.html,2026-01-31T01:39:57+00:00,292j4n6t_20260131T013957Z.html,captcha
16f2q5w9,https://www.1001tracklists.com/tracklist/16f2q5w9/rene-lavice-mako-radio-1s-drum-bass-show-2020-04-21.html,2026-01-31T01:39:46+00:00,16f2q5w9_20260131T013946Z.html,captcha
2qud8x4t,https://www.1001tracklists.com/tracklist/2qud8x4t/vintage-culture-cigarettes-after-sex-chapter-2-2019-12-19.html,2026-01-31T01:39:37+00:00,2qud8x4t_20260131T013937Z.html,captcha
1hm2z21t,https://www.1001tracklists.com/tracklist/1hm2z21t/lost-kings-kineticfield-edc-new-york-united-states-2016-05-15.html,2026-01-31T01:39:27+00:00,1hm2z21t_20260131T013927Z.html,captcha
97w62s9,https://www.1001tracklists.com/tracklist/97w62s9/avicii-marquee-las-vegas-united-states-2013-04-27.html,2026-01-31T01:39:17+00:00,97w62s9_20260131T013917Z.html,captcha
bp6sq8k,https://www.1001tracklists.com/tracklist/bp6sq8k/afrojack-jacked-radio-611-2023-07-07.html,2026-01-31T01:39:06+00:00,bp6sq8k_20260131T013906Z.html,captcha
2ghmgc91,https://www.1001tracklists.com/tracklist/2ghmgc91/moguai-punx-up-the-volume-400-2020-11-15.html,2026-01-31T01:38:56+00:00,2ghmgc91_20260131T013856Z.html,captcha
537wsgt,https://www.1001tracklists.com/tracklist/537wsgt/tchami-horizon-stage-sunset-music-festival-tampa-fl-united-states-2015-05-23.html,2026-01-31T01:38:45+00:00,537wsgt_20260131T013845Z.html,captcha
13td22v1,https://www.1001tracklists.com/tracklist/13td22v1/dom-dolla-vintage-culture-mainstage-ultra-music-festival-miami-united-states-2023-03-25.html,2026-01-31T01:38:34+00:00,13td22v1_20260131T013834Z.html,captcha
2k5kj0zt,https://www.1001tracklists.com/tracklist/2k5kj0zt/vicetone-spinnin-sessions-248-2018-02-08.html,2026-01-31T01:38:24+00:00,2k5kj0zt_20260131T013824Z.html,captcha
1lhv73b1,https://www.1001tracklists.com/tracklist/1lhv73b1/sam-feldt-siriusxm-house-of-chill-2019-09-13.html,2026-01-31T01:38:13+00:00,1lhv73b1_20260131T013813Z.html,captcha
1f1l1g0k,https://www.1001tracklists.com/tracklist/1f1l1g0k/sigala-sounds-of-sigala-031-2022-04-05.html,2026-01-31T01:38:02+00:00,1f1l1g0k_20260131T013802Z.html,captcha
2cnn9nn9,https://www.1001tracklists.com/tracklist/2cnn9nn9/illenium-phoenix-radio-039-2019-09-26.html,2026-01-31T01:37:51+00:00,2cnn9nn9_20260131T013751Z.html,captcha
1f7r5s79,https://www.1001tracklists.com/tracklist/1f7r5s79/cloonee-ex-macello-milan-italy-2025-04-30.html,2026-01-31T01:37:41+00:00,1f7r5s79_20260131T013741Z.html,captcha
13rnhmqt,https://www.1001tracklists.com/tracklist/13rnhmqt/sophia-essel-ladebare-hugel-toolroom-radio-630-2022-04-25.html,2026-01-31T01:37:31+00:00,13rnhmqt_20260131T013731Z.html,captcha
286rzvct,https://www.1001tracklists.com/tracklist/286rzvct/sam-divine-kyle-watson-defected-broadcasting-house-the-basement-defected-hq-london-united-kingdom-2024-10-23.html,2026-01-31T01:37:20+00:00,286rzvct_20260131T013720Z.html,captcha
1jkkqvt,https://www.1001tracklists.com/tracklist/1jkkqvt/x-vertigo-moguai-minaya-vikus-x-vertigo-attack-014-2013-05-17.html,2026-01-31T01:37:09+00:00,1jkkqvt_20260131T013709Z.html,captcha
1txlglxt,https://www.1001tracklists.com/tracklist/1txlglxt/jonas-blue-electronic-nature-radio-show-012-2019-02-03.html,2026-01-31T01:36:59+00:00,1txlglxt_20260131T013659Z.html,captcha
264dlnct,https://www.1001tracklists.com/tracklist/264dlnct/tune-brothers-dom-dolla-housesession-radioshow-1145-2019-11-29.html,2026-01-31T01:36:48+00:00,264dlnct_20260131T013648Z.html,captcha
y9s9s2k,https://www.1001tracklists.com/tracklist/y9s9s2k/alesso-circuitgrounds-edc-orlando-united-states-2024-11-10.html,2026-01-31T01:36:37+00:00,y9s9s2k_20260131T013637Z.html,captcha
1qlktl9k,https://www.1001tracklists.com/tracklist/1qlktl9k/lost-frequencies-lost-radio-show-446-2025-10-09.html,2026-01-31T01:36:27+00:00,1qlktl9k_20260131T013627Z.html,captcha
1ykxhtr9,https://www.1001tracklists.com/tracklist/1ykxhtr9/martin-garrix-the-martin-garrix-show-201-2018-07-13.html,2026-01-31T01:36:18+00:00,1ykxhtr9_20260131T013618Z.html,captcha
2bnc1ykk,https://www.1001tracklists.com/tracklist/2bnc1ykk/dada-life-podcast-june-2017-06-29.html,2026-01-31T01:36:08+00:00,2bnc1ykk_20260131T013608Z.html,captcha
2gq16qj1,https://www.1001tracklists.com/tracklist/2gq16qj1/mike-williams-on-track-372-2024-02-24.html,2026-01-31T01:35:56+00:00,2gq16qj1_20260131T013556Z.html,captcha
uklcj11,https://www.1001tracklists.com/tracklist/uklcj11/john-summit-dom-dolla-liv-edc-week-las-vegas-2024-05-16.html,2026-01-31T01:35:47+00:00,uklcj11_20260131T013547Z.html,captcha
6x3ufj9,https://www.1001tracklists.com/tracklist/6x3ufj9/shermanology-rave-of-the-dead-pacha-nyc-mix-2012-10-27.html,2026-01-31T01:35:37+00:00,6x3ufj9_20260131T013537Z.html,captcha
pv8jyf1,https://www.1001tracklists.com/tracklist/pv8jyf1/axwell-umf-radio-750-2023-09-27.html,2026-01-31T01:35:27+00:00,pv8jyf1_20260131T013527Z.html,captcha
2txkld79,https://www.1001tracklists.com/tracklist/2txkld79/kshmr-the-chainsmokers-umf-radio-500-live-at-ultra-miami-2018-2018-12-07.html,2026-01-31T01:35:16+00:00,2txkld79_20260131T013516Z.html,captcha
24g8c6qk,https://www.1001tracklists.com/tracklist/24g8c6qk/dj-fuel-gryffin-the-party-life-radio-show-ep573-2024-02-22.html,2026-01-31T01:35:05+00:00,24g8c6qk_20260131T013505Z.html,captcha
1nlgz7bk,https://www.1001tracklists.com/tracklist/1nlgz7bk/alan-walker-perrys-lollapalooza-united-states-chicago-2023-08-06.html,2026-01-31T01:34:54+00:00,1nlgz7bk_20260131T013454Z.html,captcha
2uqsgw2t,https://www.1001tracklists.com/tracklist/2uqsgw2t/sigala-ministry-of-sound-recordings-greatest-hits-edition-mini-mix-2022-09-07.html,2026-01-31T01:34:45+00:00,2uqsgw2t_20260131T013445Z.html,captcha
189gz19,https://www.1001tracklists.com/tracklist/189gz19/shermanology-shermania-010-2014-06-10.html,2026-01-31T01:34:34+00:00,189gz19_20260131T013434Z.html,captcha
2h97vfx9,https://www.1001tracklists.com/tracklist/2h97vfx9/the-chainsmokers-memories-do-not-open-tour-valley-view-casino-center-san-diego-united-states-2017-05-08.html,2026-01-31T01:34:24+00:00,2h97vfx9_20260131T013424Z.html,captcha
1v6417k9,https://www.1001tracklists.com/tracklist/1v6417k9/richard-vission-disco-lines-powertools-mixshow-2025-02-03.html,2026-01-31T01:34:13+00:00,1v6417k9_20260131T013413Z.html,captcha
2vskyx3t,https://www.1001tracklists.com/tracklist/2vskyx3t/moguai-punx-up-the-volume-597-2024-10-17.html,2026-01-31T01:34:03+00:00,2vskyx3t_20260131T013403Z.html,captcha
bjzuvct,https://www.1001tracklists.com/tracklist/bjzuvct/madeon-ucr-spring-splash-2021-05-08.html,2026-01-31T01:33:52+00:00,bjzuvct_20260131T013352Z.html,captcha
10rjquy1,https://www.1001tracklists.com/tracklist/10rjquy1/two-friends-just-a-gent-2f-friendly-sessions-ep.-35-2017-10-13.html,2026-01-31T01:33:43+00:00,10rjquy1_20260131T013343Z.html,captcha
1tcpr5dk,https://www.1001tracklists.com/tracklist/1tcpr5dk/sam-feldt-heartfeldt-radio-503-2025-08-22.html,2026-01-31T01:33:33+00:00,1tcpr5dk_20260131T013333Z.html,captcha
9ntp599,https://www.1001tracklists.com/tracklist/9ntp599/zedd-zouk-nightclub-las-vegas-united-states-2022-02-05.html,2026-01-31T01:33:22+00:00,9ntp599_20260131T013322Z.html,captcha
35rty69,https://www.1001tracklists.com/tracklist/35rty69/shermanology-cant-stop-miami-mix-2012-03-01.html,2026-01-31T01:33:12+00:00,35rty69_20260131T013312Z.html,captcha
1d64ykdk,https://www.1001tracklists.com/tracklist/1d64ykdk/its-murph-its-murph-mix-01-2022-10-14.html,2026-01-31T01:33:01+00:00,1d64ykdk_20260131T013301Z.html,captcha
1jjxwptt,https://www.1001tracklists.com/tracklist/1jjxwptt/pete-tong-moby-calvin-harris-essential-selection-2016-05-27.html,2026-01-31T01:32:49+00:00,1jjxwptt_20260131T013249Z.html,captcha
10ttjfu1,https://www.1001tracklists.com/tracklist/10ttjfu1/dj-snake-circuitgrounds-edc-orlando-united-states-2019-11-08.html,2026-01-31T01:32:38+00:00,10ttjfu1_20260131T013238Z.html,captcha
1lstvup1,https://www.1001tracklists.com/tracklist/1lstvup1/bakermat-the-circus-065-2024-07-26.html,2026-01-31T01:32:28+00:00,1lstvup1_20260131T013228Z.html,captcha
1s335lkk,https://www.1001tracklists.com/tracklist/1s335lkk/dom-dolla-goldenvoice-and-sound-present-shrine-auditorium-los-angeles-united-states-2020-02-15.html,2026-01-31T01:32:17+00:00,1s335lkk_20260131T013217Z.html,captcha
z6fc9q9,https://www.1001tracklists.com/tracklist/z6fc9q9/camelphat-looloo-cdmx-mexico-2024-04-12.html,2026-01-31T01:32:06+00:00,z6fc9q9_20260131T013206Z.html,captcha
2jfnr08t,https://www.1001tracklists.com/tracklist/2jfnr08t/tchami-revelations-radio-028-2022-01-29.html,2026-01-31T01:31:56+00:00,2jfnr08t_20260131T013156Z.html,captcha
1wxwwstt,https://www.1001tracklists.com/tracklist/1wxwwstt/marshmello-kineticfield-edc-mexico-2023-02-24.html,2026-01-31T01:31:45+00:00,1wxwwstt_20260131T013145Z.html,captcha
13xuhxft,https://www.1001tracklists.com/tracklist/13xuhxft/morten-upperground-legia-stadium-warsaw-poland-2025-06-14.html,2026-01-31T01:31:35+00:00,13xuhxft_20260131T013135Z.html,captcha
29qlqgr9,https://www.1001tracklists.com/tracklist/29qlqgr9/lucas-steve-skyline-sessions-028-2017-07-14.html,2026-01-31T01:31:25+00:00,29qlqgr9_20260131T013125Z.html,captcha
2n1cdjf1,https://www.1001tracklists.com/tracklist/2n1cdjf1/camelphat-kiss-fm-kissfest-2020-04-11.html,2026-01-31T01:31:15+00:00,2n1cdjf1_20260131T013115Z.html,captcha
mtt7u4k,https://www.1001tracklists.com/tracklist/mtt7u4k/bakermat-the-circus-042-2020-10-01.html,2026-01-31T01:31:05+00:00,mtt7u4k_20260131T013105Z.html,captcha
277vght9,https://www.1001tracklists.com/tracklist/277vght9/mike-williams-on-track-378-2024-04-06.html,2026-01-31T01:30:55+00:00,277vght9_20260131T013055Z.html,captcha
1vr9cu61,https://www.1001tracklists.com/tracklist/1vr9cu61/steve-aoki-aokis-house-podcast-191-aokis-house-269-2017-03-27.html,2026-01-31T01:30:46+00:00,1vr9cu61_20260131T013046Z.html,captcha
rqjfzlt,https://www.1001tracklists.com/tracklist/rqjfzlt/deadmau5-sunshine-live-mix-mission-2019-12-23.html,2026-01-31T01:30:35+00:00,rqjfzlt_20260131T013035Z.html,captcha
1jnug5y1,https://www.1001tracklists.com/tracklist/1jnug5y1/dennis-ruyer-fisher-dance-department-753-2020-04-03.html,2026-01-31T01:30:25+00:00,1jnug5y1_20260131T013025Z.html,captcha
19d62fqt,https://www.1001tracklists.com/tracklist/19d62fqt/dombresky-club-space-miami-united-states-2023-02-03.html,2026-01-31T01:30:14+00:00,19d62fqt_20260131T013014Z.html,captcha
2tj8ffuk,https://www.1001tracklists.com/tracklist/2tj8ffuk/felix-jaehn-mainstage-bigcitybeats-world-club-dome-germany-2016-06-05.html,2026-01-31T01:30:03+00:00,2tj8ffuk_20260131T013003Z.html,captcha
7pmxv99,https://www.1001tracklists.com/tracklist/7pmxv99/dj-snake-omfg-nye-valley-view-casino-center-san-diego-united-states-2014-01-01.html,2026-01-31T01:29:52+00:00,7pmxv99_20260131T012952Z.html,captcha
1tv1dbbk,https://www.1001tracklists.com/tracklist/1tv1dbbk/alok-villa-mix-festival-goiania-brazil-2016-07-03.html,2026-01-31T01:29:39+00:00,1tv1dbbk_20260131T012939Z.html,captcha
7x4uvsk,https://www.1001tracklists.com/tracklist/7x4uvsk/mako-echostage-washington-dc-united-states-2015-10-29.html,2026-01-31T01:29:29+00:00,7x4uvsk_20260131T012929Z.html,captcha
hchq481,https://www.1001tracklists.com/tracklist/hchq481/eli-brown-kineticfield-edc-mexico-2024-02-25.html,2026-01-31T01:29:19+00:00,hchq481_20260131T012919Z.html,captcha
371s5ct,https://www.1001tracklists.com/tracklist/371s5ct/habstrakt-australia-new-zealand-tour-promo-mix-2014-08-26.html,2026-01-31T01:29:09+00:00,371s5ct_20260131T012909Z.html,captcha
t9lt4uk,https://www.1001tracklists.com/tracklist/t9lt4uk/ac-slater-anton-bruner-residance-182-2018-04-15.html,2026-01-31T01:28:58+00:00,t9lt4uk_20260131T012858Z.html,captcha
654muct,https://www.1001tracklists.com/tracklist/654muct/swedish-house-mafia-bbc-radio-1-hackney-weekend-hackney-marshes-united-kingdom-2012-06-23.html,2026-01-31T01:28:47+00:00,654muct_20260131T012847Z.html,captcha
1b0n7swt,https://www.1001tracklists.com/tracklist/1b0n7swt/makj-timmy-trumpet-revolution-radio-show-178-2016-10-02.html,2026-01-31T01:28:35+00:00,1b0n7swt_20260131T012835Z.html,captcha
3bwxbkt,https://www.1001tracklists.com/tracklist/3bwxbkt/lucas-steve-skyline-sessions-amsterdam-2015-09-24.html,2026-01-31T01:28:25+00:00,3bwxbkt_20260131T012825Z.html,captcha
2dvd41q1,https://www.1001tracklists.com/tracklist/2dvd41q1/diplo-xs-nightclub-las-vegas-united-states-2024-08-08.html,2026-01-31T01:28:14+00:00,2dvd41q1_20260131T012814Z.html,captcha
2tlsn1p9,https://www.1001tracklists.com/tracklist/2tlsn1p9/mark-brown-axwell-cr2-records-radio-show-407-new-year-special-2019-01-08.html,2026-01-31T01:28:04+00:00,2tlsn1p9_20260131T012804Z.html,captcha
6sxjxz9,https://www.1001tracklists.com/tracklist/6sxjxz9/zedd-encore-beach-club-las-vegas-united-states-2015-06-14.html,2026-01-31T01:27:54+00:00,6sxjxz9_20260131T012754Z.html,captcha
1phmyw61,https://www.1001tracklists.com/tracklist/1phmyw61/noizu-caterpillars-garden-beyond-wonderland-nos-events-center-san-bernardino-united-states-2023-03-25.html,2026-01-31T01:27:44+00:00,1phmyw61_20260131T012744Z.html,captcha
296lbpq1,https://www.1001tracklists.com/tracklist/296lbpq1/alok-summer-pop-up-marquee-skydeck-edge-new-york-city-united-states-2025-09-11.html,2026-01-31T01:27:34+00:00,296lbpq1_20260131T012734Z.html,captcha
65hwdgk,https://www.1001tracklists.com/tracklist/65hwdgk/alesso-the-warfield-san-francisco-united-states-2013-04-05.html,2026-01-31T01:27:23+00:00,65hwdgk_20260131T012723Z.html,captcha
15g8twyt,https://www.1001tracklists.com/tracklist/15g8twyt/ac-slater-barely-legal-diplo-and-friends-2019-05-25.html,2026-01-31T01:27:13+00:00,15g8twyt_20260131T012713Z.html,captcha
1c87zkv1,https://www.1001tracklists.com/tracklist/1c87zkv1/biscits-biscits-goodboys-in-the-loop-tour-academy-los-angeles-united-states-2023-05-05.html,2026-01-31T01:27:02+00:00,1c87zkv1_20260131T012702Z.html,captcha
bfvmlkt,https://www.1001tracklists.com/tracklist/bfvmlkt/lemay-kyle-watson-diplo-and-friends-2019-04-06.html,2026-01-31T01:26:51+00:00,bfvmlkt_20260131T012651Z.html,captcha
8cbq1yk,https://www.1001tracklists.com/tracklist/8cbq1yk/blasterjaxx-maxximize-on-air-037-2015-02-20.html,2026-01-31T01:26:40+00:00,8cbq1yk_20260131T012640Z.html,captcha
nltqc5t,https://www.1001tracklists.com/tracklist/nltqc5t/hardwell-eclectic-beatz-10-minimix-2010-04-01.html,2026-01-31T01:26:29+00:00,nltqc5t_20260131T012629Z.html,captcha
1tcshu9t,https://www.1001tracklists.com/tracklist/1tcshu9t/james-hype-stereohype-radio-175-2025-09-04.html,2026-01-31T01:26:18+00:00,1tcshu9t_20260131T012618Z.html,captcha
1f3q5gs9,https://www.1001tracklists.com/tracklist/1f3q5gs9/habstrakt-cosmicmeadow-edc-las-vegas-united-states-2023-05-20.html,2026-01-31T01:26:08+00:00,1f3q5gs9_20260131T012608Z.html,captcha
1b4vbqw9,https://www.1001tracklists.com/tracklist/1b4vbqw9/nicky-romero-protocol-radio-419-2020-08-20.html,2026-01-31T01:25:58+00:00,1b4vbqw9_20260131T012558Z.html,captcha
1tvdu4d9,https://www.1001tracklists.com/tracklist/1tvdu4d9/ghastly-youtube-space-siriusxm-electric-aquarium-new-york-united-states-2016-11-18.html,2026-01-31T01:25:47+00:00,1tvdu4d9_20260131T012547Z.html,captcha
10yxd3p9,https://www.1001tracklists.com/tracklist/10yxd3p9/kygo-ushuaia-ibiza-spain-2022-08-07.html,2026-01-31T01:25:36+00:00,10yxd3p9_20260131T012536Z.html,captcha
40nhl79,https://www.1001tracklists.com/tracklist/40nhl79/steve-angello-sebastian-ingrosso-summadayze-melbourne-australia-2008-01-01.html,2026-01-31T01:25:26+00:00,40nhl79_20260131T012526Z.html,captcha
2qsy6v79,https://www.1001tracklists.com/tracklist/2qsy6v79/blasterjaxx-maxximize-on-air-220-2018-08-25.html,2026-01-31T01:25:15+00:00,2qsy6v79_20260131T012515Z.html,captcha
1t0gdch9,https://www.1001tracklists.com/tracklist/1t0gdch9/jauz-top-shelf-bite-this-radio-079-2019-09-11.html,2026-01-31T01:25:05+00:00,1t0gdch9_20260131T012505Z.html,captcha
1u23trv1,https://www.1001tracklists.com/tracklist/1u23trv1/kygo-palm-tree-music-festival-mexico-2021-12-05.html,2026-01-31T01:24:54+00:00,1u23trv1_20260131T012454Z.html,captcha
188hd1q1,https://www.1001tracklists.com/tracklist/188hd1q1/john-macraven-moguai-pleasure-beats-205-diesel.fm-2020-01-25.html,2026-01-31T01:24:45+00:00,188hd1q1_20260131T012445Z.html,captcha
yv09gck,https://www.1001tracklists.com/tracklist/yv09gck/dada-life-pasquale-rotella-night-owl-radio-058-2016-10-02.html,2026-01-31T01:24:35+00:00,yv09gck_20260131T012435Z.html,captcha
5fth299,https://www.1001tracklists.com/tracklist/5fth299/david-guetta-fuck-me-im-famous-070-2009-04-25.html,2026-01-31T01:24:25+00:00,5fth299_20260131T012425Z.html,captcha
21kfhsk,https://www.1001tracklists.com/tracklist/21kfhsk/mako-sunset-music-festival-united-states-2015-05-23.html,2026-01-31T01:24:15+00:00,21kfhsk_20260131T012415Z.html,captcha
4q18tvk,https://www.1001tracklists.com/tracklist/4q18tvk/dada-life-electric-zoo-united-states-2013-08-31.html,2026-01-31T01:24:03+00:00,4q18tvk_20260131T012403Z.html,captcha
z023vc1,https://www.1001tracklists.com/tracklist/z023vc1/sam-feldt-heartfeldt-radio-266-2021-02-05.html,2026-01-31T01:23:52+00:00,z023vc1_20260131T012352Z.html,captcha
lwl8h69,https://www.1001tracklists.com/tracklist/lwl8h69/chelina-manuhutu-deeper-purpose-byor-habstrakt-tomorrowland-one-world-radio-the-20-of-2021-2021-01-26.html,2026-01-31T01:23:42+00:00,lwl8h69_20260131T012342Z.html,captcha
2pu6j7tk,https://www.1001tracklists.com/tracklist/2pu6j7tk/volac-kyle-watson-volacast-015-2017-09-22.html,2026-01-31T01:23:32+00:00,2pu6j7tk_20260131T012332Z.html,captcha
tpqp5dt,https://www.1001tracklists.com/tracklist/tpqp5dt/its-murph-am.radio-008-boulevard-coffee-venice-los-angeles-united-states-2025-03-22.html,2026-01-31T01:23:22+00:00,tpqp5dt_20260131T012322Z.html,captcha
2utz24k9,https://www.1001tracklists.com/tracklist/2utz24k9/vintage-culture-culture-shock-129-2024-05-24.html,2026-01-31T01:23:12+00:00,2utz24k9_20260131T012312Z.html,captcha
16n1cmkt,https://www.1001tracklists.com/tracklist/16n1cmkt/porter-robinson-give-thanks-festival-cow-palace-united-states-2023-11-25.html,2026-01-31T01:23:02+00:00,16n1cmkt_20260131T012302Z.html,captcha
1pf6vl2t,https://www.1001tracklists.com/tracklist/1pf6vl2t/chris-lake-riva-starr-sputnik-club-2021-11-21.html,2026-01-31T01:22:52+00:00,1pf6vl2t_20260131T012252Z.html,captcha
9gwgcd9,https://www.1001tracklists.com/tracklist/9gwgcd9/jauz-bite-this-radio-003-2018-03-23.html,2026-01-31T01:22:41+00:00,9gwgcd9_20260131T012241Z.html,captcha
13yq5v19,https://www.1001tracklists.com/tracklist/13yq5v19/dj-snake-silo-dallas-united-states-2025-11-07.html,2026-01-31T01:22:31+00:00,13yq5v19_20260131T012231Z.html,captcha
8kcwvl1,https://www.1001tracklists.com/tracklist/8kcwvl1/paris-simo-mako-revealed-takeover-siriusxm-music-lounge-united-states-2015-03-27.html,2026-01-31T01:22:20+00:00,8kcwvl1_20260131T012220Z.html,captcha
jym1zdk,https://www.1001tracklists.com/tracklist/jym1zdk/kygo-warehouse-on-watts-philadelphia-united-states-2019-04-25.html,2026-01-31T01:22:10+00:00,jym1zdk_20260131T012210Z.html,captcha
2fx5cx1,https://www.1001tracklists.com/tracklist/2fx5cx1/pierce-fulton-get-weird-001-2012-06-01.html,2026-01-31T01:21:59+00:00,2fx5cx1_20260131T012159Z.html,captcha
1vrj7nct,https://www.1001tracklists.com/tracklist/1vrj7nct/chris-lorenzo-night-bass-sound-nightclub-los-angeles-united-states-2017-02-23.html,2026-01-31T01:21:50+00:00,1vrj7nct_20260131T012150Z.html,captcha
2wf7uuxt,https://www.1001tracklists.com/tracklist/2wf7uuxt/deadmau5-mau5trap-radio-067-2020-01-05.html,2026-01-31T01:21:38+00:00,2wf7uuxt_20260131T012138Z.html,captcha
416zqh1,https://www.1001tracklists.com/tracklist/416zqh1/dimitri-vegas-like-mike-smash-the-house-radio-025-2013-09-28.html,2026-01-31T01:21:28+00:00,416zqh1_20260131T012128Z.html,captcha
zwx7sq1,https://www.1001tracklists.com/tracklist/zwx7sq1/valentino-khan-hot-sauce-radio-075-2020-07-16.html,2026-01-31T01:21:17+00:00,zwx7sq1_20260131T012117Z.html,captcha
2763cbh9,https://www.1001tracklists.com/tracklist/2763cbh9/john-summit-1stbank-center-united-states-2023-05-13.html,2026-01-31T01:21:07+00:00,2763cbh9_20260131T012107Z.html,captcha
2l1twhr1,https://www.1001tracklists.com/tracklist/2l1twhr1/kygo-bbc-radio-1-big-weekend-exeter-united-kingdom-2016-05-29.html,2026-01-31T01:20:56+00:00,2l1twhr1_20260131T012056Z.html,captcha
1gp41kk1,https://www.1001tracklists.com/tracklist/1gp41kk1/bassjackers-jackindabass-radio-090-2016-03-04.html,2026-01-31T01:20:46+00:00,1gp41kk1_20260131T012046Z.html,captcha
1r1n640t,https://www.1001tracklists.com/tracklist/1r1n640t/wee-o-martin-garrix-afrojack-energy-mastermix-2016-07-02.html,2026-01-31T01:20:35+00:00,1r1n640t_20260131T012035Z.html,captcha
2fpuc6wk,https://www.1001tracklists.com/tracklist/2fpuc6wk/vintage-culture-culture-shock-061-2022-11-04.html,2026-01-31T01:20:25+00:00,2fpuc6wk_20260131T012025Z.html,captcha
j5rwqct,https://www.1001tracklists.com/tracklist/j5rwqct/dom-dolla-sahara-coachella-festival-weekend-1-united-states-2022-04-15.html,2026-01-31T01:20:15+00:00,j5rwqct_20260131T012015Z.html,captcha
1d6w9bv9,https://www.1001tracklists.com/tracklist/1d6w9bv9/deadmau5-mau5trap-radio-271-2023-12-01.html,2026-01-31T01:20:04+00:00,1d6w9bv9_20260131T012004Z.html,captcha
1hxzdt29,https://www.1001tracklists.com/tracklist/1hxzdt29/kygo-palm-tree-music-festival-india-2023-11-04.html,2026-01-31T01:19:54+00:00,1hxzdt29_20260131T011954Z.html,captcha
1r47ldt9,https://www.1001tracklists.com/tracklist/1r47ldt9/green-velvet-neongarden-edc-mexico-2019-02-23.html,2026-01-31T01:19:41+00:00,1r47ldt9_20260131T011941Z.html,"captcha,recaptcha"
1u19yf7k,https://www.1001tracklists.com/tracklist/1u19yf7k/gryffin-nightswim-encore-beach-club-las-vegas-united-states-2021-07-04.html,2026-01-31T01:19:25+00:00,1u19yf7k_20260131T011925Z.html,"captcha,recaptcha"
lkuf4t,https://www.1001tracklists.com/tracklist/lkuf4t/chris-lake-cream-amnesia-spain-kiss-fm-kiss-in-ibiza-2010-08-19.html,2026-01-31T01:19:08+00:00,lkuf4t_20260131T011908Z.html,"captcha,recaptcha"
ccydn6k,https://www.1001tracklists.com/tracklist/ccydn6k/the-chainsmokers-mainstage-exit-festival-serbia-2019-07-05.html,2026-01-31T01:18:54+00:00,ccydn6k_20260131T011854Z.html,"captcha,recaptcha"
21fqpkm9,https://www.1001tracklists.com/tracklist/21fqpkm9/dimitri-vegas-and-like-mike-amsterdam-dance-event-star-69-showcase-netherlands-2009-10-22.html,2026-01-31T01:18:37+00:00,21fqpkm9_20260131T011837Z.html,"captcha,recaptcha"
qt2u4ut,https://www.1001tracklists.com/tracklist/qt2u4ut/cid-night-service-only-radio-242-2023-09-26.html,2026-01-31T01:18:07+00:00,qt2u4ut_20260131T011807Z.html,"captcha,recaptcha"
2bswyl1t,https://www.1001tracklists.com/tracklist/2bswyl1t/blasterjaxx-maxximize-on-air-350-2021-02-26.html,2026-01-31T01:17:51+00:00,2bswyl1t_20260131T011751Z.html,"captcha,recaptcha"
u8vtmwk,https://www.1001tracklists.com/tracklist/u8vtmwk/lost-kings-encore-beach-club-las-vegas-united-states-2019-08-03.html,2026-01-31T01:17:35+00:00,u8vtmwk_20260131T011735Z.html,"captcha,recaptcha"
1s1h0n9k,https://www.1001tracklists.com/tracklist/1s1h0n9k/galantis-arc-stage-creamfields-uk-united-kingdom-2018-08-25.html,2026-01-31T01:17:20+00:00,1s1h0n9k_20260131T011720Z.html,"captcha,recaptcha"
1uv82yp9,https://www.1001tracklists.com/tracklist/1uv82yp9/louis-the-child-whethan-brownies-and-lemonade-la-gives-back-3-united-states-2018-12-19.html,2026-01-31T01:17:02+00:00,1uv82yp9_20260131T011702Z.html,"captcha,recaptcha"
1wq4p6h1,https://www.1001tracklists.com/tracklist/1wq4p6h1/matroda-the-truth-iv-special-edition-2018-05-10.html,2026-01-31T01:16:11+00:00,1wq4p6h1_20260131T011611Z.html,"captcha,recaptcha"
3530s21,https://www.1001tracklists.com/tracklist/3530s21/zedd-fun-radio-party-fun-2012-11-10.html,2026-01-31T01:15:56+00:00,3530s21_20260131T011556Z.html,"captcha,recaptcha"
1jx6cy99,https://www.1001tracklists.com/tracklist/1jx6cy99/meduza-crystal-garden-stage-tomorrowland-weekend-1-belgium-2024-07-21.html,2026-01-31T01:15:41+00:00,1jx6cy99_20260131T011541Z.html,"captcha,recaptcha"
y4qc4bk,https://www.1001tracklists.com/tracklist/y4qc4bk/sevenn-jonas-blue-1001tracklists-x-dj-lovers-club-pres.-miami-rooftop-sessions-miami-music-week-united-states-2022-03-24.html,2026-01-31T01:15:24+00:00,y4qc4bk_20260131T011524Z.html,"captcha,recaptcha"
2rsksx0t,https://www.1001tracklists.com/tracklist/2rsksx0t/habstrakt-1001tracklists-virtual-festival-united-states-2020-04-10.html,2026-01-31T01:14:52+00:00,2rsksx0t_20260131T011452Z.html,"captcha,recaptcha"
22kww5j9,https://www.1001tracklists.com/tracklist/22kww5j9/jonas-blue-ushuaia-ibiza-spain-2023-08-13.html,2026-01-31T01:14:34+00:00,22kww5j9_20260131T011434Z.html,"captcha,recaptcha"
28479gnt,https://www.1001tracklists.com/tracklist/28479gnt/deeper-purpose-toolroom-records-live-in-the-mix-2023-07-20.html,2026-01-31T01:13:43+00:00,28479gnt_20260131T011343Z.html,"captcha,recaptcha"
17nw7yz9,https://www.1001tracklists.com/tracklist/17nw7yz9/morten-artbat-kineticfield-edc-las-vegas-united-states-2025-05-18.html,2026-01-31T01:13:13+00:00,17nw7yz9_20260131T011313Z.html,"captcha,recaptcha"
1zutg9h9,https://www.1001tracklists.com/tracklist/1zutg9h9/disco-lines-shrine-expo-hall-los-angeles-united-states-2024-10-12.html,2026-01-31T01:12:40+00:00,1zutg9h9_20260131T011240Z.html,"captcha,recaptcha"
29y3x0vt,https://www.1001tracklists.com/tracklist/29y3x0vt/felix-jaehn-mainstage-tomorrowland-weekend-3-belgium-2022-07-29.html,2026-01-31T01:11:22+00:00,29y3x0vt_20260131T011122Z.html,"captcha,recaptcha"
1p83y4zk,https://www.1001tracklists.com/tracklist/1p83y4zk/kyle-watson-beatport-live-023-2018-09-14.html,2026-01-31T01:11:05+00:00,1p83y4zk_20260131T011105Z.html,"captcha,recaptcha"
1vt9fsu9,https://www.1001tracklists.com/tracklist/1vt9fsu9/jauz-bite-this-radio-053-2019-03-08.html,2026-01-31T01:10:48+00:00,1vt9fsu9_20260131T011048Z.html,"captcha,recaptcha"
9xnvdk,https://www.1001tracklists.com/tracklist/9xnvdk/chris-lake-podcast-november-2010-11-11.html,2026-01-31T01:09:19+00:00,9xnvdk_20260131T010919Z.html,"captcha,recaptcha"
hclh0z9,https://www.1001tracklists.com/tracklist/hclh0z9/walker-royce-rules-dont-apply-radio-062-2024-03-11.html,2026-01-31T01:09:04+00:00,hclh0z9_20260131T010904Z.html,"captcha,recaptcha"
2rphbqd9,https://www.1001tracklists.com/tracklist/2rphbqd9/cheat-codes-university-of-the-pacific-tiger-lands-united-states-2017-05-03.html,2026-01-31T01:08:48+00:00,2rphbqd9_20260131T010848Z.html,"captcha,recaptcha"
86xxmd1,https://www.1001tracklists.com/tracklist/86xxmd1/dada-life-podcast-january-2013-01-14.html,2026-01-31T01:08:13+00:00,86xxmd1_20260131T010813Z.html,"captcha,recaptcha"
1tv3ubfk,https://www.1001tracklists.com/tracklist/1tv3ubfk/wee-o-martin-garrix-afrojack-energy-mastermix-2016-07-30.html,2026-01-31T01:07:57+00:00,1tv3ubfk_20260131T010757Z.html,"captcha,recaptcha"
1jkfcnpk,https://www.1001tracklists.com/tracklist/1jkfcnpk/armin-van-buuren-a-state-of-trance-podcast-454-2016-12-13.html,2026-01-31T01:07:31+00:00,1jkfcnpk_20260131T010731Z.html,"captcha,recaptcha"
bt2y4p1,https://www.1001tracklists.com/tracklist/bt2y4p1/meduza-aeterna-radio-002-2025-06-02.html,2026-01-31T01:07:17+00:00,bt2y4p1_20260131T010717Z.html,"captcha,recaptcha"
1wxx2u59,https://www.1001tracklists.com/tracklist/1wxx2u59/steve-aoki-aokis-house-podcast-499-2023-02-25.html,2026-01-31T01:07:02+00:00,1wxx2u59_20260131T010702Z.html,"captcha,recaptcha"
2373du69,https://www.1001tracklists.com/tracklist/2373du69/hugel-riptide-mixtape-2016-01-20.html,2026-01-31T01:06:46+00:00,2373du69_20260131T010646Z.html,"captcha,recaptcha"
12pt7bw1,https://www.1001tracklists.com/tracklist/12pt7bw1/green-velvet-doc-martin-groove-cruise-los-angeles-united-states-2017-10-08.html,2026-01-31T01:06:29+00:00,12pt7bw1_20260131T010629Z.html,"captcha,recaptcha"
1cypqyw1,https://www.1001tracklists.com/tracklist/1cypqyw1/vicetone-marquee-nyc-united-states-2019-03-15.html,2026-01-31T01:05:57+00:00,1cypqyw1_20260131T010557Z.html,"captcha,recaptcha"
2fvcb1uk,https://www.1001tracklists.com/tracklist/2fvcb1uk/rufus-du-sol-inhale-slash-exhale-world-tour-shoreline-amphitheatre-united-states-2025-08-14.html,2026-01-31T01:05:43+00:00,2fvcb1uk_20260131T010543Z.html,"captcha,recaptcha"
1uvd5w3t,https://www.1001tracklists.com/tracklist/1uvd5w3t/pierce-fulton-dj-live-stream-2019-02-01.html,2026-01-31T01:04:39+00:00,1uvd5w3t_20260131T010439Z.html,"captcha,recaptcha"
tjqt5hk,https://www.1001tracklists.com/tracklist/tjqt5hk/kshmr-mainstage-ultra-music-festival-korea-south-korea-2022-09-24.html,2026-01-31T01:04:22+00:00,tjqt5hk_20260131T010422Z.html,"captcha,recaptcha"
l1ks8b1,https://www.1001tracklists.com/tracklist/l1ks8b1/dj-snake-kineticfield-edc-las-vegas-united-states-2022-05-21.html,2026-01-31T01:04:03+00:00,l1ks8b1_20260131T010403Z.html,"captcha,recaptcha"
2qvt5snk,https://www.1001tracklists.com/tracklist/2qvt5snk/michael-bibi-pawsa-dennis-cruz-vista-club-closing-party-solid-grooves-privilege-ibiza-spain-2019-09-22.html,2026-01-31T01:03:46+00:00,2qvt5snk_20260131T010346Z.html,"captcha,recaptcha"
1j0wg4gt,https://www.1001tracklists.com/tracklist/1j0wg4gt/timmy-trumpet-s2o-songkran-music-festival-thailand-2025-04-12.html,2026-01-31T01:03:30+00:00,1j0wg4gt_20260131T010330Z.html,"captcha,recaptcha"
6rc7vrt,https://www.1001tracklists.com/tracklist/6rc7vrt/afrojack-calvin-harris-siriusxm-music-lounge-miami-music-week-united-states-2013-03-21.html,2026-01-31T01:03:12+00:00,6rc7vrt_20260131T010312Z.html,"captcha,recaptcha"
2qtsrjgk,https://www.1001tracklists.com/tracklist/2qtsrjgk/tiesto-retrovision-club-life-633-2019-05-17.html,2026-01-31T01:02:56+00:00,2qtsrjgk_20260131T010256Z.html,"captcha,recaptcha"
257ghzst,https://www.1001tracklists.com/tracklist/257ghzst/alesso-kineticfield-edc-las-vegas-united-states-2021-10-22.html,2026-01-31T01:01:48+00:00,257ghzst_20260131T010148Z.html,"captcha,recaptcha"
2jm35yl9,https://www.1001tracklists.com/tracklist/2jm35yl9/bassjackers-spinnin-sessions-guest-mix-2024-11-14.html,2026-01-31T01:01:31+00:00,2jm35yl9_20260131T010131Z.html,"captcha,recaptcha"
228yhqu1,https://www.1001tracklists.com/tracklist/228yhqu1/ghastly-trap-nation-radio-024-2018-05-09.html,2026-01-31T01:01:17+00:00,228yhqu1_20260131T010117Z.html,"captcha,recaptcha"
9tc73z9,https://www.1001tracklists.com/tracklist/9tc73z9/disco-lines-city-hall-regenerate-festival-denver-united-states-2024-06-08.html,2026-01-31T01:01:00+00:00,9tc73z9_20260131T010100Z.html,"captcha,recaptcha"
26rjnr9,https://www.1001tracklists.com/tracklist/26rjnr9/martin-garrix-spinnin-sessions-nikki-beach-miami-miami-music-week-united-states-2015-03-25.html,2026-01-31T01:00:44+00:00,26rjnr9_20260131T010044Z.html,"captcha,recaptcha"
h15c0vk,https://www.1001tracklists.com/tracklist/h15c0vk/porter-robinson-madeon-we-are-connected-festival-taipei-taiwan-2017-02-19.html,2026-01-31T01:00:29+00:00,h15c0vk_20260131T010029Z.html,"captcha,recaptcha"
1u8s628k,https://www.1001tracklists.com/tracklist/1u8s628k/chris-lorenzo-sahara-coachella-festival-weekend-2-united-states-2025-04-18.html,2026-01-31T01:00:10+00:00,1u8s628k_20260131T010010Z.html,"captcha,recaptcha"
54gqhu1,https://www.1001tracklists.com/tracklist/54gqhu1/pierce-fulton-get-weird-005-2012-09-24.html,2026-01-31T00:59:49+00:00,54gqhu1_20260131T005949Z.html,"captcha,recaptcha"
14hgmsmk,https://www.1001tracklists.com/tracklist/14hgmsmk/bakermat-mainstage-electrobeach-festival-france-2018-07-12.html,2026-01-31T00:59:35+00:00,14hgmsmk_20260131T005935Z.html,"captcha,recaptcha"
36dxp7t,https://www.1001tracklists.com/tracklist/36dxp7t/avicii-mad-hatters-castle-beyond-wonderland-united-states-2013-09-29.html,2026-01-31T00:59:20+00:00,36dxp7t_20260131T005920Z.html,"captcha,recaptcha"
6xu1q9,https://www.1001tracklists.com/tracklist/6xu1q9/swedish-house-mafia-dance-department-podcast-255-2010-08-04.html,2026-01-31T00:58:59+00:00,6xu1q9_20260131T005859Z.html,"captcha,recaptcha"
j9k80z1,https://www.1001tracklists.com/tracklist/j9k80z1/james-hype-stereohype-radio-104-2024-04-05.html,2026-01-31T00:58:13+00:00,j9k80z1_20260131T005813Z.html,"captcha,recaptcha"
2wrurcc1,https://www.1001tracklists.com/tracklist/2wrurcc1/bassjackers-les-pays-bass-radio-056-2025-06-27.html,2026-01-31T00:57:58+00:00,2wrurcc1_20260131T005758Z.html,"captcha,recaptcha"
296s2z4t,https://www.1001tracklists.com/tracklist/296s2z4t/chris-lorenzo-feeding-grounds-escape-halloween-nos-events-center-san-bernardino-united-states-2025-11-01.html,2026-01-31T00:56:48+00:00,296s2z4t_20260131T005648Z.html,"captcha,recaptcha"
z3t53uk,https://www.1001tracklists.com/tracklist/z3t53uk/camelphat-ants-dreamfields-festival-mexico-2022-11-19.html,2026-01-31T00:56:34+00:00,z3t53uk_20260131T005634Z.html,"captcha,recaptcha"
chdph1t,https://www.1001tracklists.com/tracklist/chdph1t/don-diablo-hexagon-radio-343-2021-08-25.html,2026-01-31T00:56:18+00:00,chdph1t_20260131T005618Z.html,"captcha,recaptcha"
lysbhbt,https://www.1001tracklists.com/tracklist/lysbhbt/vini-vici-dreamstate-radio-043-2022-02-08.html,2026-01-31T00:55:46+00:00,lysbhbt_20260131T005546Z.html,"captcha,recaptcha"
21k4rlpt,https://www.1001tracklists.com/tracklist/21k4rlpt/noizu-dj-mag-and-spotifys-noteable-miami-music-week-united-states-2022-03-24.html,2026-01-31T00:55:12+00:00,21k4rlpt_20260131T005512Z.html,"captcha,recaptcha"
2ryzpzmk,https://www.1001tracklists.com/tracklist/2ryzpzmk/martin-garrix-oasis-stage-ilesoniq-festival-canada-2023-08-13.html,2026-01-31T00:54:38+00:00,2ryzpzmk_20260131T005438Z.html,"captcha,recaptcha"
2n1wflt9,https://www.1001tracklists.com/tracklist/2n1wflt9/armin-van-buuren-a-state-of-trance-310-2007-07-26.html,2026-01-31T00:54:12+00:00,2n1wflt9_20260131T005412Z.html,"captcha,recaptcha"
1w0v44u9,https://www.1001tracklists.com/tracklist/1w0v44u9/madeon-45-east-portland-united-states-2022-04-10.html,2026-01-31T00:53:20+00:00,1w0v44u9_20260131T005320Z.html,"captcha,recaptcha"
n2qv171,https://www.1001tracklists.com/tracklist/n2qv171/axwell-kineticfield-edc-china-2025-03-23.html,2026-01-31T00:52:52+00:00,n2qv171_20260131T005252Z.html,"captcha,recaptcha"
1mf58f0t,https://www.1001tracklists.com/tracklist/1mf58f0t/fisher-catch-and-release-delano-beach-club-miami-miami-music-week-united-states-2019-03-27.html,2026-01-31T00:51:56+00:00,1mf58f0t_20260131T005156Z.html,"captcha,recaptcha"
1v21j2m1,https://www.1001tracklists.com/tracklist/1v21j2m1/madeon-fresh-start-2023-united-states-2022-12-31.html,2026-01-31T00:51:40+00:00,1v21j2m1_20260131T005140Z.html,"captcha,recaptcha"
2vsnukrk,https://www.1001tracklists.com/tracklist/2vsnukrk/nimino-niminimix-iii-la-2023-07-25.html,2026-01-31T00:50:56+00:00,2vsnukrk_20260131T005056Z.html,"captcha,recaptcha"
2fr4br2k,https://www.1001tracklists.com/tracklist/2fr4br2k/noizu-hard-stage-hard-summer-festival-exposition-park-los-angeles-united-states-2023-08-05.html,2026-01-31T00:50:43+00:00,2fr4br2k_20260131T005043Z.html,"captcha,recaptcha"
tjpfwr1,https://www.1001tracklists.com/tracklist/tjpfwr1/lane-8-fall-2022-mixtape-2022-09-21.html,2026-01-31T00:50:14+00:00,tjpfwr1_20260131T005014Z.html,"captcha,recaptcha"
696rqj9,https://www.1001tracklists.com/tracklist/696rqj9/danny-howard-example-calvin-harris-bbc-radio-1-dance-anthems-2014-05-31.html,2026-01-31T00:49:39+00:00,696rqj9_20260131T004939Z.html,"captcha,recaptcha"
gjt1urt,https://www.1001tracklists.com/tracklist/gjt1urt/gryffin-xs-nightclub-las-vegas-united-states-2025-08-16.html,2026-01-31T00:48:59+00:00,gjt1urt_20260131T004859Z.html,"captcha,recaptcha"
2dhu8mb1,https://www.1001tracklists.com/tracklist/2dhu8mb1/tiesto-brooks-charming-horses-tiestos-club-life-527-2017-05-06.html,2026-01-31T00:48:25+00:00,2dhu8mb1_20260131T004825Z.html,"captcha,recaptcha"
6w0xv19,https://www.1001tracklists.com/tracklist/6w0xv19/sebastian-ingrosso-cavo-paradiso-mykonos-greece-2015-08-03.html,2026-01-31T00:48:06+00:00,6w0xv19_20260131T004806Z.html,"captcha,recaptcha"
2f8x1u1,https://www.1001tracklists.com/tracklist/2f8x1u1/gryffin-flight-log-002-winter-soltice-mix-2015-12-03.html,2026-01-31T00:47:40+00:00,2f8x1u1_20260131T004740Z.html,"captcha,recaptcha"
27vq8ud9,https://www.1001tracklists.com/tracklist/27vq8ud9/brooks-slam-mix-marathon-2018-04-13.html,2026-01-31T00:47:24+00:00,27vq8ud9_20260131T004724Z.html,"captcha,recaptcha"
2dnlz0kk,https://www.1001tracklists.com/tracklist/2dnlz0kk/retrovision-la-java-virtuelle-france-2021-02-20.html,2026-01-31T00:46:51+00:00,2dnlz0kk_20260131T004651Z.html,"captcha,recaptcha"
2vhv1dx1,https://www.1001tracklists.com/tracklist/2vhv1dx1/dom-dolla-united-through-music-tomorrowland-australia-2020-04-28.html,2026-01-31T00:46:33+00:00,2vhv1dx1_20260131T004633Z.html,"captcha,recaptcha"
74npx51,https://www.1001tracklists.com/tracklist/74npx51/shermanology-shermania-027-2015-03-18.html,2026-01-31T00:46:17+00:00,74npx51_20260131T004617Z.html,"captcha,recaptcha"
2c1vms1k,https://www.1001tracklists.com/tracklist/2c1vms1k/rufus-du-sol-inhale-slash-exhale-world-tour-utah-first-credit-union-amphitheatre-united-states-2025-08-10.html,2026-01-31T00:46:03+00:00,2c1vms1k_20260131T004603Z.html,"captcha,recaptcha"
15gs84dk,https://www.1001tracklists.com/tracklist/15gs84dk/zedd-orbit-tour-melkweg-amsterdam-netherlands-2019-11-11.html,2026-01-31T00:45:46+00:00,15gs84dk_20260131T004546Z.html,"captcha,recaptcha"
1tpg6d1,https://www.1001tracklists.com/tracklist/1tpg6d1/david-guetta-rock-in-rio-brazil-2013-09-13.html,2026-01-31T00:45:13+00:00,1tpg6d1_20260131T004513Z.html,"captcha,recaptcha"
1g1w08bt,https://www.1001tracklists.com/tracklist/1g1w08bt/mau-p-stage-1-electric-island-festival-canada-2023-08-11.html,2026-01-31T00:44:36+00:00,1g1w08bt_20260131T004436Z.html,"captcha,recaptcha"
13xb2qt9,https://www.1001tracklists.com/tracklist/13xb2qt9/nimino-sian-eleri-bbc-radio-1-future-artists-2025-03-18.html,2026-01-31T00:43:44+00:00,13xb2qt9_20260131T004344Z.html,"captcha,recaptcha,distil"
12vu7tck,https://www.1001tracklists.com/tracklist/12vu7tck/its-murph-dolab-stage-coachella-festival-weekend-2-united-states-2023-04-23.html,2026-01-31T00:43:27+00:00,12vu7tck_20260131T004327Z.html,"captcha,recaptcha"
h3vu7nk,https://www.1001tracklists.com/tracklist/h3vu7nk/camelphat-mass-movement-radio-2020-03-15.html,2026-01-31T00:42:57+00:00,h3vu7nk_20260131T004257Z.html,"captcha,recaptcha"
12z5y9g9,https://www.1001tracklists.com/tracklist/12z5y9g9/valentino-khan-high-power-radio-270-2024-12-31.html,2026-01-31T00:42:22+00:00,12z5y9g9_20260131T004222Z.html,"captcha,recaptcha"
2k8f9681,https://www.1001tracklists.com/tracklist/2k8f9681/felix-jaehn-live-from-the-city-parookaville-germany-2020-07-17.html,2026-01-31T00:42:07+00:00,2k8f9681_20260131T004207Z.html,"captcha,recaptcha"
sbpkv39,https://www.1001tracklists.com/tracklist/sbpkv39/party-pupils-too-future.-guest-mix-074-2017-02-01.html,2026-01-31T00:41:48+00:00,sbpkv39_20260131T004148Z.html,"captcha,recaptcha"
234u10b1,https://www.1001tracklists.com/tracklist/234u10b1/kshmr-worldwide-stage-ultra-music-festival-miami-united-states-2016-03-20.html,2026-01-31T00:41:14+00:00,234u10b1_20260131T004114Z.html,"captcha,recaptcha"
2l1xk16t,https://www.1001tracklists.com/tracklist/2l1xk16t/the-chainsmokers-youtube-edm-15-2016-07-12.html,2026-01-31T00:40:35+00:00,2l1xk16t_20260131T004035Z.html,"captcha,recaptcha"
2q13z429,https://www.1001tracklists.com/tracklist/2q13z429/jauz-cosmicmeadow-edc-las-vegas-united-states-2022-05-21.html,2026-01-31T00:40:03+00:00,2q13z429_20260131T004003Z.html,"captcha,recaptcha"
my79rvt,https://www.1001tracklists.com/tracklist/my79rvt/ben-bohmer-roundhouse-london-united-kingdom-2022-02-18.html,2026-01-31T00:39:45+00:00,my79rvt_20260131T003945Z.html,"captcha,recaptcha"
1m2gqjt,https://www.1001tracklists.com/tracklist/1m2gqjt/chris-lake-kineticfield-edc-new-york-united-states-2012-05-19.html,2026-01-31T00:39:29+00:00,1m2gqjt_20260131T003929Z.html,"captcha,recaptcha"
8rn0pg1,https://www.1001tracklists.com/tracklist/8rn0pg1/disclosure-dusky-monki-bbc-radio-1-weekend-ibiza-ushuaia-ibiza-spain-2015-07-31.html,2026-01-31T00:39:12+00:00,8rn0pg1_20260131T003912Z.html,"captcha,recaptcha"
c4f4v1,https://www.1001tracklists.com/tracklist/c4f4v1/dada-life-podcast-2011-02-14.html,2026-01-31T00:38:54+00:00,c4f4v1_20260131T003854Z.html,"captcha,recaptcha"
bs3jky9,https://www.1001tracklists.com/tracklist/bs3jky9/shiba-san-cid-toolroom-family-dj-mix-032-2024-07-19.html,2026-01-31T00:38:41+00:00,bs3jky9_20260131T003841Z.html,"captcha,recaptcha"
nxcjvqk,https://www.1001tracklists.com/tracklist/nxcjvqk/westend-panhandle-stage-outside-lands-san-francisco-united-states-2023-08-11.html,2026-01-31T00:38:08+00:00,nxcjvqk_20260131T003808Z.html,"captcha,recaptcha"
26ws1h8k,https://www.1001tracklists.com/tracklist/26ws1h8k/two-friends-mako-2f-friendly-sessions-ep.-30-2017-01-17.html,2026-01-31T00:37:52+00:00,26ws1h8k_20260131T003752Z.html,"captcha,recaptcha"
1p6z5lm1,https://www.1001tracklists.com/tracklist/1p6z5lm1/alesso-mainstage-tomorrowland-weekend-2-belgium-2017-07-29.html,2026-01-31T00:37:34+00:00,1p6z5lm1_20260131T003734Z.html,"captcha,recaptcha"
t7xm4yt,https://www.1001tracklists.com/tracklist/t7xm4yt/armin-van-buuren-a-state-of-trance-podcast-429-2016-06-21.html,2026-01-31T00:37:15+00:00,t7xm4yt_20260131T003715Z.html,"captcha,recaptcha"
23mj37w1,https://www.1001tracklists.com/tracklist/23mj37w1/john-summit-steel-yard-creamfields-north-united-kingdom-2025-08-22.html,2026-01-31T00:37:01+00:00,23mj37w1_20260131T003701Z.html,"captcha,recaptcha"
mrvnqy9,https://www.1001tracklists.com/tracklist/mrvnqy9/zedd-mainstage-ultra-music-festival-miami-miami-music-week-united-states-2019-03-30.html,2026-01-31T00:36:43+00:00,mrvnqy9_20260131T003643Z.html,"captcha,recaptcha"
11zpz999,https://www.1001tracklists.com/tracklist/11zpz999/felix-jaehn-tomorrowland-winter-france-2024-03-22.html,2026-01-31T00:36:22+00:00,11zpz999_20260131T003622Z.html,"captcha,recaptcha"
mqc324t,https://www.1001tracklists.com/tracklist/mqc324t/oliver-heldens-heldeep-radio-179-2017-11-03.html,2026-01-31T00:35:50+00:00,mqc324t_20260131T003550Z.html,"captcha,recaptcha"
vkcvzlk,https://www.1001tracklists.com/tracklist/vkcvzlk/habstrakt-hb-social-club-honolulu-united-states-2025-05-03.html,2026-01-31T00:35:32+00:00,vkcvzlk_20260131T003532Z.html,"captcha,recaptcha"
2ut4rknt,https://www.1001tracklists.com/tracklist/2ut4rknt/morten-mothership-countdown-nye-new-years-invasion-nos-events-center-san-bernardino-united-states-2023-12-30.html,2026-01-31T00:35:07+00:00,2ut4rknt_20260131T003507Z.html,"captcha,recaptcha"
1c5tyhm1,https://www.1001tracklists.com/tracklist/1c5tyhm1/john-summit-the-palms-crssd-festival-united-states-2022-03-05.html,2026-01-31T00:34:30+00:00,1c5tyhm1_20260131T003430Z.html,"captcha,recaptcha"
1bc7gnct,https://www.1001tracklists.com/tracklist/1bc7gnct/andrea-oliva-vintage-culture-the-vortex-closing-party-hi-ibiza-spain-2023-10-07.html,2026-01-31T00:33:57+00:00,1bc7gnct_20260131T003357Z.html,"captcha,recaptcha"
257t1x81,https://www.1001tracklists.com/tracklist/257t1x81/richard-vission-shouse-pat-lok-party-pupils-powertools-mixshow-2021-10-23.html,2026-01-31T00:33:41+00:00,257t1x81_20260131T003341Z.html,"captcha,recaptcha"
2p52rhmk,https://www.1001tracklists.com/tracklist/2p52rhmk/john-summit-experts-only-radio-001-2023-05-04.html,2026-01-31T00:33:21+00:00,2p52rhmk_20260131T003321Z.html,"captcha,recaptcha"
2hkgvv3k,https://www.1001tracklists.com/tracklist/2hkgvv3k/john-summit-green-velvet-dom-dolla-neongarden-edc-orlando-united-states-2022-11-12.html,2026-01-31T00:33:03+00:00,2hkgvv3k_20260131T003303Z.html,"captcha,recaptcha"
1ccdgvht,https://www.1001tracklists.com/tracklist/1ccdgvht/odd-mob-hollywood-palladium-los-angeles-united-states-2024-10-12.html,2026-01-31T00:32:30+00:00,1ccdgvht_20260131T003230Z.html,"captcha,recaptcha"
1rguh321,https://www.1001tracklists.com/tracklist/1rguh321/wax-motif-matroda-volcano-stage-seismic-dance-event-7.0-the-concourse-project-austin-united-states-2024-11-16.html,2026-01-31T00:32:13+00:00,1rguh321_20260131T003213Z.html,"captcha,recaptcha"
1s4w5xgk,https://www.1001tracklists.com/tracklist/1s4w5xgk/vinny-vibe-brooks-good-vibes-radio-2021-02-12.html,2026-01-31T00:31:56+00:00,1s4w5xgk_20260131T003156Z.html,"captcha,recaptcha"
1xqbb1s1,https://www.1001tracklists.com/tracklist/1xqbb1s1/ac-slater-jay-robinson-nostalgix-night-bass-livestream-vol.-2-united-states-2020-05-28.html,2026-01-31T00:31:04+00:00,1xqbb1s1_20260131T003104Z.html,"captcha,recaptcha"
8dw4pj9,https://www.1001tracklists.com/tracklist/8dw4pj9/danny-howard-mikael-weermets-otto-knows-bbc-radio-1-dance-anthems-2012-12-31.html,2026-01-31T00:30:38+00:00,8dw4pj9_20260131T003038Z.html,"captcha,recaptcha"
1yvd7y7k,https://www.1001tracklists.com/tracklist/1yvd7y7k/john-summit-zeskullz-presents-263-2024-02-22.html,2026-01-31T00:30:11+00:00,1yvd7y7k_20260131T003011Z.html,"captcha,recaptcha"
7n9cy7k,https://www.1001tracklists.com/tracklist/7n9cy7k/dillon-francis-true-colors-tour-masonic-temple-united-states-2015-10-23.html,2026-01-31T00:29:18+00:00,7n9cy7k_20260131T002918Z.html,"captcha,recaptcha"
1ncqks31,https://www.1001tracklists.com/tracklist/1ncqks31/camelphat-the-big-beast-mdlbeast-soundstorm-saudi-arabia-2019-12-20.html,2026-01-31T00:28:46+00:00,1ncqks31_20260131T002846Z.html,"captcha,recaptcha"
2bmwwtl9,https://www.1001tracklists.com/tracklist/2bmwwtl9/the-chainsmokers-youtube-edm-15-2016-12-16.html,2026-01-31T00:28:31+00:00,2bmwwtl9_20260131T002831Z.html,"captcha,recaptcha"
5cxm2sk,https://www.1001tracklists.com/tracklist/5cxm2sk/r3hab-i-need-r3hab-123-2015-02-02.html,2026-01-31T00:27:03+00:00,5cxm2sk_20260131T002703Z.html,"captcha,recaptcha"
177y4uv1,https://www.1001tracklists.com/tracklist/177y4uv1/dombresky-bonnie-x-clyde-dr.-fresch-cid-the-exchange-los-angeles-united-states-night-owl-radio-2-year-anniversary-101-2017-07-28-2017-07-21.html,2026-01-31T00:26:48+00:00,177y4uv1_20260131T002648Z.html,"captcha,recaptcha"
1luq6ykt,https://www.1001tracklists.com/tracklist/1luq6ykt/lucas-steve-lucas-steve-radio-104-2025-06-21.html,2026-01-31T00:26:23+00:00,1luq6ykt_20260131T002623Z.html,"captcha,recaptcha"
2sp59n4k,https://www.1001tracklists.com/tracklist/2sp59n4k/felix-jaehn-stadtfest-ludwigshafen-germany-2018-06-30.html,2026-01-31T00:26:05+00:00,2sp59n4k_20260131T002605Z.html,"captcha,recaptcha"
2ry9r0ht,https://www.1001tracklists.com/tracklist/2ry9r0ht/afrojack-mainstage-ultra-music-festival-miami-united-states-2023-03-24.html,2026-01-31T00:25:16+00:00,2ry9r0ht_20260131T002516Z.html,"captcha,recaptcha"
1vyr64gt,https://www.1001tracklists.com/tracklist/1vyr64gt/ben-bohmer-neongarden-edc-las-vegas-united-states-2022-05-20.html,2026-01-31T00:23:53+00:00,1vyr64gt_20260131T002353Z.html,"captcha,recaptcha"
1kxn6qft,https://www.1001tracklists.com/tracklist/1kxn6qft/its-murph-rc95-iii-points-music-festival-united-states-2025-10-17.html,2026-01-31T00:23:16+00:00,1kxn6qft_20260131T002316Z.html,"captcha,recaptcha"
19f189nt,https://www.1001tracklists.com/tracklist/19f189nt/camelphat-radio-1s-essential-mix-2023-09-16.html,2026-01-31T00:23:00+00:00,19f189nt_20260131T002300Z.html,"captcha,recaptcha"
23f4tcdt,https://www.1001tracklists.com/tracklist/23f4tcdt/dj-snake-ayu-dayclub-las-vegas-united-states-2021-10-16.html,2026-01-31T00:22:41+00:00,23f4tcdt_20260131T002241Z.html,"captcha,recaptcha"
278dqktt,https://www.1001tracklists.com/tracklist/278dqktt/vini-vici-s2o-songkran-music-festival-south-korea-2024-07-14.html,2026-01-31T00:21:16+00:00,278dqktt_20260131T002116Z.html,"captcha,recaptcha"
20d9kjg9,https://www.1001tracklists.com/tracklist/20d9kjg9/steve-aoki-mainstage-ultra-music-festival-miami-miami-music-week-united-states-2017-03-25.html,2026-01-31T00:20:59+00:00,20d9kjg9_20260131T002059Z.html,"captcha,recaptcha"
2tu2ncnk,https://www.1001tracklists.com/tracklist/2tu2ncnk/morten-dont-let-daddy-know-korea-2023-04-29.html,2026-01-31T00:20:41+00:00,2tu2ncnk_20260131T002041Z.html,"captcha,recaptcha"
8jdstk9,https://www.1001tracklists.com/tracklist/8jdstk9/tiesto-eelke-kleijn-tiestos-club-life-350-after-hours-special-2013-12-15.html,2026-01-31T00:20:22+00:00,8jdstk9_20260131T002022Z.html,"captcha,recaptcha"
2m6lh5zk,https://www.1001tracklists.com/tracklist/2m6lh5zk/jonas-blue-asw-radio-039-2021-11-03.html,2026-01-31T00:19:32+00:00,2m6lh5zk_20260131T001932Z.html,"captcha,recaptcha"
7pf394t,https://www.1001tracklists.com/tracklist/7pf394t/oliver-heldens-florian-svein-clubbinghouse-radioshow-047-2013-09-03.html,2026-01-31T00:19:15+00:00,7pf394t_20260131T001915Z.html,"captcha,recaptcha"
16j825k,https://www.1001tracklists.com/tracklist/16j825k/torio-mako-di.fm-torios-ever-after-radio-show-052-1-year-anniversary-edition-2015-11-20.html,2026-01-31T00:18:45+00:00,16j825k_20260131T001845Z.html,"captcha,recaptcha"
hh0pjn9,https://www.1001tracklists.com/tracklist/hh0pjn9/the-chainsmokers-sap-connect-celebration-night-zouk-nightclub-las-vegas-united-states-2025-10-08.html,2026-01-31T00:16:43+00:00,hh0pjn9_20260131T001643Z.html,"captcha,recaptcha"
2fy7vfk,https://www.1001tracklists.com/tracklist/2fy7vfk/sebastian-ingrosso-encore-beach-club-xs-nightclub-las-vegas-united-states-2011-10-15.html,2026-01-31T00:13:29+00:00,2fy7vfk_20260131T001329Z.html,"captcha,recaptcha"
18blxgr9,https://www.1001tracklists.com/tracklist/18blxgr9/party-pupils-sofi-tukker-presents-united-states-2021-04-25.html,2026-01-31T00:13:09+00:00,18blxgr9_20260131T001309Z.html,"captcha,recaptcha"
20f09ff9,https://www.1001tracklists.com/tracklist/20f09ff9/porter-robinson-snowglobe-music-festival-united-states-2017-12-30.html,2026-01-31T00:12:57+00:00,20f09ff9_20260131T001257Z.html,"captcha,recaptcha"
29315uk,https://www.1001tracklists.com/tracklist/29315uk/steve-aoki-aokis-house-123-2014-06-16.html,2026-01-31T00:11:45+00:00,29315uk_20260131T001145Z.html,"captcha,recaptcha"
1nchtyu9,https://www.1001tracklists.com/tracklist/1nchtyu9/chris-lorenzo-one-mix-2019-10-04.html,2026-01-31T00:09:49+00:00,1nchtyu9_20260131T000949Z.html,"captcha,recaptcha"
2tl5fqhk,https://www.1001tracklists.com/tracklist/2tl5fqhk/hardwell-mainstage-ultra-europe-croatia-2018-07-07.html,2026-01-31T00:09:36+00:00,2tl5fqhk_20260131T000936Z.html,"captcha,recaptcha"
sbu4nct,https://www.1001tracklists.com/tracklist/sbu4nct/timmy-trumpet-freak-show-082-2017-04-02.html,2026-01-31T00:09:03+00:00,sbu4nct_20260131T000903Z.html,"captcha,recaptcha"
2br9fqd9,https://www.1001tracklists.com/tracklist/2br9fqd9/d.o.d-axtone-house-party-2020-04-04.html,2026-01-31T00:07:56+00:00,2br9fqd9_20260131T000756Z.html,"captcha,recaptcha"
20hnl4bt,https://www.1001tracklists.com/tracklist/20hnl4bt/pawsa-riot-keops-cordoba-argentina-2018-05-19.html,2026-01-31T00:07:42+00:00,20hnl4bt_20260131T000742Z.html,"captcha,recaptcha"
24dpjznk,https://www.1001tracklists.com/tracklist/24dpjznk/chris-lake-the-brooklyn-mirage-new-york-united-states-2023-05-06.html,2026-01-31T00:07:14+00:00,24dpjznk_20260131T000714Z.html,"captcha,recaptcha"
2hgsnfc9,https://www.1001tracklists.com/tracklist/2hgsnfc9/kygo-encore-beach-club-las-vegas-united-states-2021-07-03.html,2026-01-31T00:06:46+00:00,2hgsnfc9_20260131T000646Z.html,"captcha,recaptcha"
1xq11jht,https://www.1001tracklists.com/tracklist/1xq11jht/retrovision-live-vr-dj-set-france-2020-03-28.html,2026-01-31T00:06:33+00:00,1xq11jht_20260131T000633Z.html,"captcha,recaptcha"
14ndlcpt,https://www.1001tracklists.com/tracklist/14ndlcpt/zedd-cosmicmeadow-edc-las-vegas-united-states-2021-10-24.html,2026-01-31T00:06:04+00:00,14ndlcpt_20260131T000604Z.html,"captcha,recaptcha"
18hhu9r1,https://www.1001tracklists.com/tracklist/18hhu9r1/fisher-zamna-hipodromo-de-las-americas-cdmx-mexico-2023-10-29.html,2026-01-31T00:05:47+00:00,18hhu9r1_20260131T000547Z.html,"captcha,recaptcha"
sq650f9,https://www.1001tracklists.com/tracklist/sq650f9/oliver-heldens-heldeep-radio-521-2024-06-28.html,2026-01-30T23:38:21+00:00,sq650f9_20260130T233821Z.html,"captcha,recaptcha"
20qbpu7t,https://www.1001tracklists.com/tracklist/20qbpu7t/vintage-culture-thunder-machine-vintage-is-a-festival-belo-horizonte-brazil-2023-10-21.html,2026-01-30T23:38:03+00:00,20qbpu7t_20260130T233803Z.html,"captcha,recaptcha"
qgpgcq9,https://www.1001tracklists.com/tracklist/qgpgcq9/kygo-ushuaia-ibiza-spain-2015-09-04.html,2026-01-30T23:37:34+00:00,qgpgcq9_20260130T233734Z.html,"captcha,recaptcha"
130g6b7t,https://www.1001tracklists.com/tracklist/130g6b7t/martin-garrix-apex-stage-creamfields-north-united-kingdom-2025-08-24.html,2026-01-30T23:37:21+00:00,130g6b7t_20260130T233721Z.html,"captcha,recaptcha"
2lg2pmn9,https://www.1001tracklists.com/tracklist/2lg2pmn9/its-murph-carousel-club-electric-forest-festival-united-states-2024-06-21.html,2026-01-30T23:36:49+00:00,2lg2pmn9_20260130T233649Z.html,"captcha,recaptcha"
16pqmhz1,https://www.1001tracklists.com/tracklist/16pqmhz1/kshmr-dharma-radio-018-2024-09-27.html,2026-01-30T23:36:33+00:00,16pqmhz1_20260130T233633Z.html,"captcha,recaptcha"
2ryrq52t,https://www.1001tracklists.com/tracklist/2ryrq52t/odesza-ranch-arena-electric-forest-festival-united-states-2023-06-22.html,2026-01-30T23:36:18+00:00,2ryrq52t_20260130T233618Z.html,"captcha,recaptcha"
u95grht,https://www.1001tracklists.com/tracklist/u95grht/louis-the-child-playground-radio-044-2019-11-26.html,2026-01-30T23:36:00+00:00,u95grht_20260130T233600Z.html,"captcha,recaptcha"
qhzh3xk,https://www.1001tracklists.com/tracklist/qhzh3xk/odesza-st-jeromes-laneway-festival-adelaide-australia-2018-02-02.html,2026-01-30T23:35:27+00:00,qhzh3xk_20260130T233527Z.html,"captcha,recaptcha"
2ullm039,https://www.1001tracklists.com/tracklist/2ullm039/dimitri-vegas-and-like-mike-smash-the-house-radio-379-2020-08-21.html,2026-01-30T23:35:11+00:00,2ullm039_20260130T233511Z.html,"captcha,recaptcha"
64xdk1,https://www.1001tracklists.com/tracklist/64xdk1/afrojack-jacked-radio-006-2011-08-28.html,2026-01-30T23:34:42+00:00,64xdk1_20260130T233442Z.html,"captcha,recaptcha"
w1fvb11,https://www.1001tracklists.com/tracklist/w1fvb11/dr.-fresch-ardency-the-prescription-018-2016-07-28.html,2026-01-30T23:34:27+00:00,w1fvb11_20260130T233427Z.html,"captcha,recaptcha"
y8k47st,https://www.1001tracklists.com/tracklist/y8k47st/dom-dolla-skyline-afterparty-the-exchange-los-angeles-united-states-2023-02-25.html,2026-01-30T23:34:10+00:00,y8k47st_20260130T233410Z.html,"captcha,recaptcha"
nnhfyjt,https://www.1001tracklists.com/tracklist/nnhfyjt/odesza-triple-j-mix-up-2018-03-10.html,2026-01-30T23:33:52+00:00,nnhfyjt_20260130T233352Z.html,"captcha,recaptcha"
1mnsz6kk,https://www.1001tracklists.com/tracklist/1mnsz6kk/tiesto-royal-hospital-kilmainham-dublin-ireland-2023-08-26.html,2026-01-30T23:33:38+00:00,1mnsz6kk_20260130T233338Z.html,"captcha,recaptcha"
wfc6c39,https://www.1001tracklists.com/tracklist/wfc6c39/lane-8-summer-2024-mixtape-2024-06-19.html,2026-01-30T23:33:07+00:00,wfc6c39_20260130T233307Z.html,"captcha,recaptcha"
187x55c1,https://www.1001tracklists.com/tracklist/187x55c1/david-guetta-mainstage-dance-valley-netherlands-2019-08-10.html,2026-01-30T23:32:28+00:00,187x55c1_20260130T233228Z.html,"captcha,recaptcha"
cqkr9rt,https://www.1001tracklists.com/tracklist/cqkr9rt/morten-fun-radio-ibiza-experience-accor-arena-paris-france-2025-04-04.html,2026-01-30T23:31:58+00:00,cqkr9rt_20260130T233158Z.html,"captcha,recaptcha"
6vcpjk1,https://www.1001tracklists.com/tracklist/6vcpjk1/mako-club-la-hebraica-lima-peru-2014-10-02.html,2026-01-30T23:31:43+00:00,6vcpjk1_20260130T233143Z.html,"captcha,recaptcha"
293s2bxt,https://www.1001tracklists.com/tracklist/293s2bxt/rl-grime-ubbis-stage-ubbi-dubbi-festival-united-states-2024-05-25.html,2026-01-30T23:31:05+00:00,293s2bxt_20260130T233105Z.html,"captcha,recaptcha"
1h5dk61,https://www.1001tracklists.com/tracklist/1h5dk61/rl-grime-perrys-stage-lollapalooza-united-states-chicago-2015-08-01.html,2026-01-30T23:30:44+00:00,1h5dk61_20260130T233044Z.html,"captcha,recaptcha"
6r2j7k,https://www.1001tracklists.com/tracklist/6r2j7k/axwell-dance-department-538-2011-07-10.html,2026-01-30T23:30:11+00:00,6r2j7k_20260130T233011Z.html,"captcha,recaptcha"
z6sc0lk,https://www.1001tracklists.com/tracklist/z6sc0lk/westend-joshwa-house-of-wax-the-concourse-project-austin-united-states-2024-06-15.html,2026-01-30T23:29:57+00:00,z6sc0lk_20260130T232957Z.html,"captcha,recaptcha"
kvp49xk,https://www.1001tracklists.com/tracklist/kvp49xk/galantis-imagine-music-festival-atlanta-united-states-2018-09-21.html,2026-01-30T23:29:39+00:00,kvp49xk_20260130T232939Z.html,"captcha,recaptcha"
lr9mzq9,https://www.1001tracklists.com/tracklist/lr9mzq9/chris-lorenzo-circuitgrounds-edc-las-vegas-united-states-2016-06-17.html,2026-01-30T23:29:22+00:00,lr9mzq9_20260130T232922Z.html,"captcha,recaptcha"
2fg05xy9,https://www.1001tracklists.com/tracklist/2fg05xy9/two-friends-source-recordings-autumn-mix-2017-10-04.html,2026-01-30T23:29:05+00:00,2fg05xy9_20260130T232905Z.html,"captcha,recaptcha"
bd8xp61,https://www.1001tracklists.com/tracklist/bd8xp61/steve-aoki-liv-miami-united-states-2017-03-11.html,2026-01-30T23:18:08+00:00,bd8xp61_20260130T231808Z.html,"captcha,recaptcha"
1f3puyu9,https://www.1001tracklists.com/tracklist/1f3puyu9/noizu-the-concourse-project-austin-united-states-2023-04-29.html,2026-01-30T23:17:28+00:00,1f3puyu9_20260130T231728Z.html,"captcha,recaptcha"
16n9cmy1,https://www.1001tracklists.com/tracklist/16n9cmy1/r3hab-cyb3rpvnk-radio-589-2024-01-13.html,2026-01-30T23:16:31+00:00,16n9cmy1_20260130T231631Z.html,"captcha,recaptcha"
2ty84xb9,https://www.1001tracklists.com/tracklist/2ty84xb9/chris-lorenzo-crssd-festival-spring-san-diego-united-states-2025-03-02.html,2026-01-30T23:16:15+00:00,2ty84xb9_20260130T231615Z.html,"captcha,recaptcha"
1ljd8ghk,https://www.1001tracklists.com/tracklist/1ljd8ghk/habstrakt-virtual-audio-ultra-music-festival-miami-united-states-2020-03-22.html,2026-01-30T23:15:20+00:00,1ljd8ghk_20260130T231520Z.html,"captcha,recaptcha"
2k44y7zt,https://www.1001tracklists.com/tracklist/2k44y7zt/bakermat-bakermat-friends-stage-tomorrowland-belgium-2016-07-24.html,2026-01-30T23:15:06+00:00,2k44y7zt_20260130T231506Z.html,"captcha,recaptcha"
2k7pflqk,https://www.1001tracklists.com/tracklist/2k7pflqk/tiesto-club-life-669-2020-01-24.html,2026-01-30T23:14:49+00:00,2k7pflqk_20260130T231449Z.html,"captcha,recaptcha"
15jw5h8k,https://www.1001tracklists.com/tracklist/15jw5h8k/two-friends-2f-friendly-sessions-066-2021-03-08.html,2026-01-30T23:14:32+00:00,15jw5h8k_20260130T231432Z.html,"captcha,recaptcha"
1ynfqbn9,https://www.1001tracklists.com/tracklist/1ynfqbn9/mistajam-becky-hill-jax-jones-bbc-radio-1-dance-anthems-2020-08-01.html,2026-01-30T23:14:16+00:00,1ynfqbn9_20260130T231416Z.html,"captcha,recaptcha"
qj38yck,https://www.1001tracklists.com/tracklist/qj38yck/party-pupils-the-cookout-090-2018-03-13.html,2026-01-30T23:13:53+00:00,qj38yck_20260130T231353Z.html,"captcha,recaptcha"
10wb5w89,https://www.1001tracklists.com/tracklist/10wb5w89/afrojack-jacked-radio-500-2021-05-21.html,2026-01-30T23:13:06+00:00,10wb5w89_20260130T231306Z.html,"captcha,recaptcha"
2bv59l49,https://www.1001tracklists.com/tracklist/2bv59l49/jonas-blue-spinnin-sessions-pool-party-hotel-nautilus-miami-miami-music-week-united-states-2022-03-23.html,2026-01-30T23:12:48+00:00,2bv59l49_20260130T231248Z.html,"captcha,recaptcha"
2q1rc8tk,https://www.1001tracklists.com/tracklist/2q1rc8tk/illenium-the-stadium-north-coast-music-festival-united-states-2022-09-03.html,2026-01-30T23:12:17+00:00,2q1rc8tk_20260130T231217Z.html,"captcha,recaptcha"
1s0csxd9,https://www.1001tracklists.com/tracklist/1s0csxd9/odesza-bedtime-mix-2017-07-23.html,2026-01-30T23:11:54+00:00,1s0csxd9_20260130T231154Z.html,"captcha,recaptcha"
1mm375k1,https://www.1001tracklists.com/tracklist/1mm375k1/camelphat-kolsch-ushuaia-ibiza-spain-2022-09-13.html,2026-01-30T23:11:23+00:00,1mm375k1_20260130T231123Z.html,"captcha,recaptcha"
20tdyg5k,https://www.1001tracklists.com/tracklist/20tdyg5k/porter-robinson-forecastle-festival-united-states-2022-05-27.html,2026-01-30T23:11:07+00:00,20tdyg5k_20260130T231107Z.html,"captcha,recaptcha"
1pmxf96t,https://www.1001tracklists.com/tracklist/1pmxf96t/odd-mob-omnom-stereobloom-edc-las-vegas-united-states-2025-05-18.html,2026-01-30T23:10:51+00:00,1pmxf96t_20260130T231051Z.html,"captcha,recaptcha"
15n8xdq1,https://www.1001tracklists.com/tracklist/15n8xdq1/alan-walker-walkerverse-the-tour-alcatraz-milan-italy-2022-10-15.html,2026-01-30T23:10:21+00:00,15n8xdq1_20260130T231021Z.html,"captcha,recaptcha"
2mz4p3q9,https://www.1001tracklists.com/tracklist/2mz4p3q9/lane-8-radio-1s-essential-mix-2018-04-21.html,2026-01-30T23:09:17+00:00,2mz4p3q9_20260130T230917Z.html,"captcha,recaptcha"
1p9th4f9,https://www.1001tracklists.com/tracklist/1p9th4f9/pierce-fulton-songs-i-never-finished-2013-2017-2020-03-24.html,2026-01-30T23:09:00+00:00,1p9th4f9_20260130T230900Z.html,"captcha,recaptcha"
247y0gb9,https://www.1001tracklists.com/tracklist/247y0gb9/david-guetta-playlist-548-yearmix-2020-12-26.html,2026-01-30T23:08:46+00:00,247y0gb9_20260130T230846Z.html,"captcha,recaptcha"
2uuxp2qt,https://www.1001tracklists.com/tracklist/2uuxp2qt/dimitri-vegas-like-mike-smash-the-house-radio-598-2024-11-15.html,2026-01-30T23:07:48+00:00,2uuxp2qt_20260130T230748Z.html,"captcha,recaptcha"
1j4fz79,https://www.1001tracklists.com/tracklist/1j4fz79/pete-tong-swedish-house-mafia-calvin-harris-david-guetta-essential-selection-2012-06-29.html,2026-01-30T23:07:12+00:00,1j4fz79_20260130T230712Z.html,"captcha,recaptcha"
75ycst,https://www.1001tracklists.com/tracklist/75ycst/steve-angello-sebastian-ingrosso-senstion-white-copenhagen-sensation-denmark-2008-11-15.html,2026-01-30T23:06:53+00:00,75ycst_20260130T230653Z.html,"captcha,recaptcha"
15fpjuvt,https://www.1001tracklists.com/tracklist/15fpjuvt/gryffin-one-mix-2018-11-17.html,2026-01-30T23:06:36+00:00,15fpjuvt_20260130T230636Z.html,"captcha,recaptcha"
6mm0u8t,https://www.1001tracklists.com/tracklist/6mm0u8t/r3hab-i-need-r3hab-178-2016-02-19.html,2026-01-30T23:06:20+00:00,6mm0u8t_20260130T230620Z.html,"captcha,recaptcha"
2h9511bt,https://www.1001tracklists.com/tracklist/2h9511bt/zedd-welcome-aclu-benefit-concert-staples-center-los-angeles-united-states-2017-04-03.html,2026-01-30T23:06:04+00:00,2h9511bt_20260130T230604Z.html,"captcha,recaptcha"
gjq5gq1,https://www.1001tracklists.com/tracklist/gjq5gq1/hugel-mainstage-untold-festival-romania-2025-08-09.html,2026-01-30T23:05:50+00:00,gjq5gq1_20260130T230550Z.html,"captcha,recaptcha"
29rw42nt,https://www.1001tracklists.com/tracklist/29rw42nt/the-chainsmokers-live-outdoor-stage-tecate-live-out-monterrey-mexico-2018-10-20.html,2026-01-30T23:05:18+00:00,29rw42nt_20260130T230518Z.html,"captcha,recaptcha"
tmwb1c9,https://www.1001tracklists.com/tracklist/tmwb1c9/oliver-heldens-heldeep-radio-518-2024-06-07.html,2026-01-30T23:04:51+00:00,tmwb1c9_20260130T230451Z.html,"captcha,recaptcha"
1ut304l9,https://www.1001tracklists.com/tracklist/1ut304l9/sigala-electric-planet-music-festival-mexico-2016-07-02.html,2026-01-30T23:04:33+00:00,1ut304l9_20260130T230433Z.html,"captcha,recaptcha"
1yu6jpfk,https://www.1001tracklists.com/tracklist/1yu6jpfk/meduza-meduza-radioshow-july-2023-2023-07-20.html,2026-01-30T23:04:14+00:00,1yu6jpfk_20260130T230414Z.html,"captcha,recaptcha"
c1wslk,https://www.1001tracklists.com/tracklist/c1wslk/steve-angello-club-fg-2008-11-23.html,2026-01-30T23:03:43+00:00,c1wslk_20260130T230343Z.html,"captcha,recaptcha"
1lthf581,https://www.1001tracklists.com/tracklist/1lthf581/kygo-world-tour-rogers-arena-vancouver-canada-2024-10-10.html,2026-01-30T22:59:16+00:00,1lthf581_20260130T225916Z.html,"captcha,recaptcha"
2c8b09t,https://www.1001tracklists.com/tracklist/2c8b09t/alesso-masquerade-motel-day-1-los-angeles-state-historic-park-united-states-2013-03-08.html,2026-01-30T22:58:58+00:00,2c8b09t_20260130T225858Z.html,"captcha,recaptcha"
1gxx9qf9,https://www.1001tracklists.com/tracklist/1gxx9qf9/fisher-hi-ibiza-spain-2022-08-10.html,2026-01-30T22:58:29+00:00,1gxx9qf9_20260130T225829Z.html,"captcha,recaptcha"
244ng4v9,https://www.1001tracklists.com/tracklist/244ng4v9/fisher-stereobloom-edc-las-vegas-united-states-2018-05-19.html,2026-01-30T22:57:59+00:00,244ng4v9_20260130T225759Z.html,"captcha,recaptcha"
1ytg8flk,https://www.1001tracklists.com/tracklist/1ytg8flk/fisher-scene-oasis-ilesoniq-festival-canada-2022-08-05.html,2026-01-30T22:56:59+00:00,1ytg8flk_20260130T225659Z.html,"captcha,recaptcha"
22f83xd9,https://www.1001tracklists.com/tracklist/22f83xd9/chris-lake-fisher-under-construction-rawhide-event-center-united-states-2021-05-29.html,2026-01-30T22:55:34+00:00,22f83xd9_20260130T225534Z.html,"captcha,recaptcha"
3zdm2l9,https://www.1001tracklists.com/tracklist/3zdm2l9/kygo-mojave-tent-coachella-festival-united-states-2015-04-13.html,2026-01-30T22:54:20+00:00,3zdm2l9_20260130T225420Z.html,"captcha,recaptcha"
54zdjpt,https://www.1001tracklists.com/tracklist/54zdjpt/alesso-mainstage-tomorrowworld-atlanta-united-states-2013-09-28.html,2026-01-30T22:53:49+00:00,54zdjpt_20260130T225349Z.html,"captcha,recaptcha"
25262dz9,https://www.1001tracklists.com/tracklist/25262dz9/alesso-avant-gardner-new-york-united-states-2018-03-02.html,2026-01-30T22:53:35+00:00,25262dz9_20260130T225335Z.html,"captcha,recaptcha"
2nbcpvc1,https://www.1001tracklists.com/tracklist/2nbcpvc1/kygo-world-tour-wiener-stadthalle-vienna-austria-2024-11-23.html,2026-01-28T00:07:48+00:00,2nbcpvc1_20260128T000748Z.html,"captcha,recaptcha"
2ugyhdq1,https://www.1001tracklists.com/tracklist/2ugyhdq1/alesso-solstice-stage-spring-awakening-music-festival-united-states-2017-06-11.html,2026-01-28T00:07:11+00:00,2ugyhdq1_20260128T000711Z.html,"captcha,recaptcha"
2jbrsvfk,https://www.1001tracklists.com/tracklist/2jbrsvfk/scott-mills-fisher-bbc-radio-1-2020-08-18.html,2026-01-28T00:06:54+00:00,2jbrsvfk_20260128T000654Z.html,"captcha,recaptcha"
uhtmjqk,https://www.1001tracklists.com/tracklist/uhtmjqk/fisher-saga-festival-romania-2023-06-25.html,2026-01-28T00:06:34+00:00,uhtmjqk_20260128T000634Z.html,"captcha,recaptcha"
crry1pk,https://www.1001tracklists.com/tracklist/crry1pk/fisher-out-2-lunch-festival-broadwater-parklands-australia-2025-05-04.html,2026-01-28T00:06:18+00:00,crry1pk_20260128T000618Z.html,"captcha,recaptcha"
21dh5q7t,https://www.1001tracklists.com/tracklist/21dh5q7t/fisher-shaky-beats-music-festival-united-states-2019-05-11.html,2026-01-28T00:05:41+00:00,21dh5q7t_20260128T000541Z.html,"captcha,recaptcha"
1mfhw9z9,https://www.1001tracklists.com/tracklist/1mfhw9z9/fisher-mainstage-tomorrowland-weekend-2-belgium-2019-07-27.html,2026-01-28T00:05:25+00:00,1mfhw9z9_20260128T000525Z.html,"captcha,recaptcha"
3401ml1,https://www.1001tracklists.com/tracklist/3401ml1/kygo-blue-flame-stage-tomorrowland-belgium-2014-07-25.html,2026-01-28T00:05:10+00:00,3401ml1_20260128T000510Z.html,"captcha,recaptcha"
5v7sjck,https://www.1001tracklists.com/tracklist/5v7sjck/brian-cross-kygo-brian-cross-pres.-ultra-radio-023-2015-07-27.html,2026-01-28T00:04:55+00:00,5v7sjck_20260128T000455Z.html,"captcha,recaptcha"
cqb32b1,https://www.1001tracklists.com/tracklist/cqb32b1/fisher-kineticfield-edc-mexico-2025-02-21.html,2026-01-28T00:04:40+00:00,cqb32b1_20260128T000440Z.html,"captcha,recaptcha"
186c6zrt,https://www.1001tracklists.com/tracklist/186c6zrt/kygo-acer-stage-lollapalooza-chile-2018-03-16.html,2026-01-28T00:04:04+00:00,186c6zrt_20260128T000404Z.html,"captcha,recaptcha"
l70t1wt,https://www.1001tracklists.com/tracklist/l70t1wt/fisher-brooklyn-navy-yard-nyc-united-states-2024-07-06.html,2026-01-28T00:03:30+00:00,l70t1wt_20260128T000330Z.html,"captcha,recaptcha"
6s5q2v1,https://www.1001tracklists.com/tracklist/6s5q2v1/alesso-bravalla-festival-norrkoping-sweden-2014-06-27.html,2026-01-28T00:03:14+00:00,6s5q2v1_20260128T000314Z.html,"captcha,recaptcha"
l3rnqr1,https://www.1001tracklists.com/tracklist/l3rnqr1/moguai-kygo-topic-1live-dj-session-2023-07-29.html,2026-01-28T00:02:58+00:00,l3rnqr1_20260128T000258Z.html,"captcha,recaptcha"
lz167f9,https://www.1001tracklists.com/tracklist/lz167f9/kygo-mainstage-ultra-music-festival-miami-united-states-2022-03-25.html,2026-01-28T00:02:36+00:00,lz167f9_20260128T000236Z.html,"captcha,recaptcha"
5v7sjck,https://www.1001tracklists.com/tracklist/5v7sjck/brian-cross-kygo-brian-cross-pres.-ultra-radio-023-2015-07-27.html,2026-01-27T23:21:31+00:00,5v7sjck_20260127T232131Z.html,"captcha,recaptcha"
22f83xd9,https://www.1001tracklists.com/tracklist/22f83xd9/chris-lake-fisher-under-construction-rawhide-event-center-united-states-2021-05-29.html,2026-01-27T23:10:30+00:00,22f83xd9_20260127T231030Z.html,"captcha,recaptcha"
1ldh2rvt,https://www.1001tracklists.com/tracklist/1ldh2rvt/alesso-andes-arena-santiago-chile-2016-04-24.html,2026-01-27T23:09:09+00:00,1ldh2rvt_20260127T230909Z.html,"captcha,recaptcha"
54zdjpt,https://www.1001tracklists.com/tracklist/54zdjpt/alesso-mainstage-tomorrowworld-atlanta-united-states-2013-09-28.html,2026-01-27T23:08:52+00:00,54zdjpt_20260127T230852Z.html,"captcha,recaptcha"
25262dz9,https://www.1001tracklists.com/tracklist/25262dz9/alesso-avant-gardner-new-york-united-states-2018-03-02.html,2026-01-27T23:08:37+00:00,25262dz9_20260127T230837Z.html,"captcha,recaptcha"
uhtmjqk,https://www.1001tracklists.com/tracklist/uhtmjqk/fisher-saga-festival-romania-2023-06-25.html,2026-01-27T23:07:35+00:00,uhtmjqk_20260127T230735Z.html,"captcha,recaptcha"
21dh5q7t,https://www.1001tracklists.com/tracklist/21dh5q7t/fisher-shaky-beats-music-festival-united-states-2019-05-11.html,2026-01-27T23:07:05+00:00,21dh5q7t_20260127T230705Z.html,"captcha,recaptcha"
2nbcpvc1,https://www.1001tracklists.com/tracklist/2nbcpvc1/kygo-world-tour-wiener-stadthalle-vienna-austria-2024-11-23.html,2026-01-27T22:56:48+00:00,2nbcpvc1_20260127T225648Z.html,"captcha,recaptcha"
1ltkkxg9,,2026-01-27T22:56:31+00:00,1ltkkxg9_20260127T225631Z.html,"captcha,recaptcha"
15smg979,,2026-01-27T22:56:15+00:00,15smg979_20260127T225615Z.html,"captcha,recaptcha"
10yxd3p9,https://www.1001tracklists.com/tracklist/10yxd3p9/kygo-ushuaia-ibiza-spain-2022-08-07.html,2026-01-27T22:54:26+00:00,10yxd3p9_20260127T225426Z.html,"captcha,recaptcha"
yvmc811,,2026-01-27T22:54:08+00:00,yvmc811_20260127T225408Z.html,"captcha,recaptcha"
